setId,setName,sourceLocation,sourceTheme,pieceCount,minorThreshold,minorBonus,majorThreshold,majorBonus,completeThreshold,hugeBonus,specialAbilityCardId,specialAbilityCardName,specialAbilityCardEffect,implementationRule,previousSourceLocation,canonicalSourceLocationId,canonicalSourceLocationName,pieces,v7CorrectionNote
paleHunterArmour,Pale Hunter Armour,Lion Trophy Hall,cat-hide stalking armour,5,2,+1 block the first time you play an attack each round.,4,"After you deal damage once per round, apply Marked 1.",5,"At the start of each survivor turn, choose +1 damage this turn or Dodge 1.",paleHunterArmourPaleHunterLanternPounce,Pale Hunter — Lantern Pounce,"Deal 4 damage. Apply Marked 2. If you already have Dodge, draw 1 then discard 1.",Bonuses are granted by number of matching set pieces currently equipped. Complete bonus also injects the special ability card while the full set remains equipped.,Catarium,lionTrophyHall,Lion Trophy Hall,"[{""equipmentName"": ""Pale Hunter Crown"", ""slot"": ""head"", ""itemType"": ""head"", ""sourceLocation"": ""Catarium"", ""sourceOriginal"": ""WHITE LION HELM"", ""canonicalCraftingLocationId"": ""lionTrophyHall"", ""canonicalCraftingLocationName"": ""Lion Trophy Hall"", ""canonicalQuarryId"": ""paleHuntLion"", ""canonicalQuarryName"": ""Pale Hunt Lion"", ""bodySlot"": ""head"", ""loadoutSlot"": ""armor:head"", ""slotLimitRule"": ""Only one armour item may occupy this body slot.""}, {""equipmentName"": ""Pale Hunter Coat"", ""slot"": ""chest"", ""itemType"": ""body"", ""sourceLocation"": ""Catarium"", ""sourceOriginal"": ""WHITE LION COAT"", ""canonicalCraftingLocationId"": ""lionTrophyHall"", ""canonicalCraftingLocationName"": ""Lion Trophy Hall"", ""canonicalQuarryId"": ""paleHuntLion"", ""canonicalQuarryName"": ""Pale Hunt Lion"", ""bodySlot"": ""chest"", ""loadoutSlot"": ""armor:chest"", ""slotLimitRule"": ""Only one armour item may occupy this body slot.""}, {""equipmentName"": ""Pale Hunter Gloves"", ""slot"": ""arms"", ""itemType"": ""arms"", ""sourceLocation"": ""Catarium"", ""sourceOriginal"": ""WHITE LION GAUNTLETS"", ""canonicalCraftingLocationId"": ""lionTrophyHall"", ""canonicalCraftingLocationName"": ""Lion Trophy Hall"", ""canonicalQuarryId"": ""paleHuntLion"", ""canonicalQuarryName"": ""Pale Hunt Lion"", ""bodySlot"": ""arms"", ""loadoutSlot"": ""armor:arms"", ""slotLimitRule"": ""Only one armour item may occupy this body slot.""}, {""equipmentName"": ""Pale Hunter Skirt"", ""slot"": ""waist"", ""itemType"": ""legs"", ""sourceLocation"": ""Catarium"", ""sourceOriginal"": ""WHITE LION SKIRT"", ""canonicalCraftingLocationId"": ""lionTrophyHall"", ""canonicalCraftingLocationName"": ""Lion Trophy Hall"", ""canonicalQuarryId"": ""paleHuntLion"", ""canonicalQuarryName"": ""Pale Hunt Lion"", ""bodySlot"": ""waist"", ""loadoutSlot"": ""armor:waist"", ""slotLimitRule"": ""Only one armour item may occupy this body slot.""}, {""equipmentName"": ""Pale Hunter Treads"", ""slot"": ""legs"", ""itemType"": ""legs"", ""sourceLocation"": ""Catarium"", ""sourceOriginal"": ""WHITE LION BOOTS"", ""canonicalCraftingLocationId"": ""lionTrophyHall"", ""canonicalCraftingLocationName"": ""Lion Trophy Hall"", ""canonicalQuarryId"": ""paleHuntLion"", ""canonicalQuarryName"": ""Pale Hunt Lion"", ""bodySlot"": ""legs"", ""loadoutSlot"": ""armor:legs"", ""slotLimitRule"": ""Only one armour item may occupy this body slot.""}]",
duskHunterArmour,Dusk Hunter Armour,Lion Trophy Hall,shadow fur ambush armour,5,2,The first incoming attack each round loses 1 damage.,4,"When you play a Counter, gain Dodge 1 after it resolves.",5,"Once per battle, ignore the first Bleed, Poison, Burn or Doom you would gain.",duskHunterArmourDuskHunterVanishUnderFur,Dusk Hunter — Vanish Under Fur,Cancel 2 incoming damage. Move 1 space. Your next attack this round gains +1 damage.,Bonuses are granted by number of matching set pieces currently equipped. Complete bonus also injects the special ability card while the full set remains equipped.,Dark Catarium,lionTrophyHall,Lion Trophy Hall,"[{""equipmentName"": ""Shadow Fur Crown"", ""slot"": ""head"", ""itemType"": ""head"", ""sourceLocation"": ""Dark Catarium"", ""sourceOriginal"": ""SHADOW FUR HELM"", ""canonicalCraftingLocationId"": ""lionTrophyHall"", ""canonicalCraftingLocationName"": ""Lion Trophy Hall"", ""canonicalQuarryId"": ""paleHuntLion"", ""canonicalQuarryName"": ""Pale Hunt Lion"", ""bodySlot"": ""head"", ""loadoutSlot"": ""armor:head"", ""slotLimitRule"": ""Only one armour item may occupy this body slot.""}, {""equipmentName"": ""Shadow Fur Coat"", ""slot"": ""chest"", ""itemType"": ""body"", ""sourceLocation"": ""Dark Catarium"", ""sourceOriginal"": ""SHADOW FUR COAT"", ""canonicalCraftingLocationId"": ""lionTrophyHall"", ""canonicalCraftingLocationName"": ""Lion Trophy Hall"", ""canonicalQuarryId"": ""paleHuntLion"", ""canonicalQuarryName"": ""Pale Hunt Lion"", ""bodySlot"": ""chest"", ""loadoutSlot"": ""armor:chest"", ""slotLimitRule"": ""Only one armour item may occupy this body slot.""}, {""equipmentName"": ""Shadow Fur Gloves"", ""slot"": ""arms"", ""itemType"": ""arms"", ""sourceLocation"": ""Dark Catarium"", ""sourceOriginal"": ""SHADOW FUR GLOVES"", ""canonicalCraftingLocationId"": ""lionTrophyHall"", ""canonicalCraftingLocationName"": ""Lion Trophy Hall"", ""canonicalQuarryId"": ""paleHuntLion"", ""canonicalQuarryName"": ""Pale Hunt Lion"", ""bodySlot"": ""arms"", ""loadoutSlot"": ""armor:arms"", ""slotLimitRule"": ""Only one armour item may occupy this body slot.""}, {""equipmentName"": ""Shadow Fur Kilt"", ""slot"": ""waist"", ""itemType"": ""body"", ""sourceLocation"": ""Dark Catarium"", ""sourceOriginal"": ""SHADOW FUR KILT"", ""canonicalCraftingLocationId"": ""lionTrophyHall"", ""canonicalCraftingLocationName"": ""Lion Trophy Hall"", ""canonicalQuarryId"": ""paleHuntLion"", ""canonicalQuarryName"": ""Pale Hunt Lion"", ""bodySlot"": ""waist"", ""loadoutSlot"": ""armor:waist"", ""slotLimitRule"": ""Only one armour item may occupy this body slot.""}, {""equipmentName"": ""Shadow Fur Treads"", ""slot"": ""legs"", ""itemType"": ""legs"", ""sourceLocation"": ""Dark Catarium"", ""sourceOriginal"": ""SHADOW FUR BOOTS"", ""canonicalCraftingLocationId"": ""lionTrophyHall"", ""canonicalCraftingLocationName"": ""Lion Trophy Hall"", ""canonicalQuarryId"": ""paleHuntLion"", ""canonicalQuarryName"": ""Pale Hunt Lion"", ""bodySlot"": ""legs"", ""loadoutSlot"": ""armor:legs"", ""slotLimitRule"": ""Only one armour item may occupy this body slot.""}]",
clothArmour,Cloth Armour,Skinnery,light wrapped survival cloth,5,2,"When you draw a support card, gain Guarded 1.",4,"Your first support card each round costs 1 less, minimum 0.",5,"When you would gain Panic, reduce it by 1 and give an adjacent ally Guarded 1.",clothArmourClothArmourEmergencyBinding,Cloth Armour — Emergency Binding,Heal 1 wound from yourself or an adjacent ally. Then gain Guarded 2.,Bonuses are granted by number of matching set pieces currently equipped. Complete bonus also injects the special ability card while the full set remains equipped.,Cotton Mill,skinnery,Skinnery,"[{""equipmentName"": ""Cloth Turban"", ""slot"": ""head"", ""itemType"": ""head"", ""sourceLocation"": ""Cotton Mill"", ""sourceOriginal"": ""CLOTH TURBAN"", ""canonicalCraftingLocationId"": ""silkLoom"", ""canonicalCraftingLocationName"": ""Silk Loom"", ""canonicalQuarryId"": ""silkMatriarch"", ""canonicalQuarryName"": ""Silk Matriarch"", ""bodySlot"": ""head"", ""loadoutSlot"": ""armor:head"", ""slotLimitRule"": ""Only one armour item may occupy this body slot.""}, {""equipmentName"": ""Cloth Robes"", ""slot"": ""chest"", ""itemType"": ""body"", ""sourceLocation"": ""Cotton Mill"", ""sourceOriginal"": ""CLOTH ROBES"", ""canonicalCraftingLocationId"": ""silkLoom"", ""canonicalCraftingLocationName"": ""Silk Loom"", ""canonicalQuarryId"": ""silkMatriarch"", ""canonicalQuarryName"": ""Silk Matriarch"", ""bodySlot"": ""chest"", ""loadoutSlot"": ""armor:chest"", ""slotLimitRule"": ""Only one armour item may occupy this body slot.""}, {""equipmentName"": ""Cloth Bracers"", ""slot"": ""arms"", ""itemType"": ""arms"", ""sourceLocation"": ""Cotton Mill"", ""sourceOriginal"": ""CLOTH BRACERS"", ""canonicalCraftingLocationId"": ""silkLoom"", ""canonicalCraftingLocationName"": ""Silk Loom"", ""canonicalQuarryId"": ""silkMatriarch"", ""canonicalQuarryName"": ""Silk Matriarch"", ""bodySlot"": ""arms"", ""loadoutSlot"": ""armor:arms"", ""slotLimitRule"": ""Only one armour item may occupy this body slot.""}, {""equipmentName"": ""Cloth Pants"", ""slot"": ""waist"", ""itemType"": ""legs"", ""sourceLocation"": ""Cotton Mill"", ""sourceOriginal"": ""CLOTH PANTS"", ""canonicalCraftingLocationId"": ""silkLoom"", ""canonicalCraftingLocationName"": ""Silk Loom"", ""canonicalQuarryId"": ""silkMatriarch"", ""canonicalQuarryName"": ""Silk Matriarch"", ""bodySlot"": ""waist"", ""loadoutSlot"": ""armor:waist"", ""slotLimitRule"": ""Only one armour item may occupy this body slot.""}, {""equipmentName"": ""Cloth Galoshes"", ""slot"": ""legs"", ""itemType"": ""body"", ""sourceLocation"": ""Cotton Mill"", ""sourceOriginal"": ""CLOTH GALOSHES"", ""canonicalCraftingLocationId"": ""silkLoom"", ""canonicalCraftingLocationName"": ""Silk Loom"", ""canonicalQuarryId"": ""silkMatriarch"", ""canonicalQuarryName"": ""Silk Matriarch"", ""bodySlot"": ""legs"", ""loadoutSlot"": ""armor:legs"", ""slotLimitRule"": ""Only one armour item may occupy this body slot.""}]",
cycloidScaleArmour,Cycloid Scale Armour,Shell Sanctum,reef-scale gliding armour,5,2,"After you move 2 or more spaces, gain +1 block until the next quarry action.",4,The first ranged or reach attack you play each round gains +1 damage.,5,"Once per round after moving, you may cleanse Snared 1 or Exposed 1 from yourself.",cycloidScaleArmourCycloidScaleReefGlide,Cycloid Scale — Reef Glide,Move up to 3 spaces. Gain Dodge 1. Your next attack this turn applies Exposed 1.,Bonuses are granted by number of matching set pieces currently equipped. Complete bonus also injects the special ability card while the full set remains equipped.,Sky Reef Sanctuary,shellSanctum,Shell Sanctum,"[{""equipmentName"": ""Cycloid Scale Hood"", ""slot"": ""head"", ""itemType"": ""body"", ""sourceLocation"": ""Sky Reef Sanctuary"", ""sourceOriginal"": ""CYCLOID SCALE HOOD"", ""canonicalCraftingLocationId"": ""shellSanctum"", ""canonicalCraftingLocationName"": ""Shell Sanctum"", ""canonicalQuarryId"": ""sunSovereign"", ""canonicalQuarryName"": ""Sun Sovereign"", ""bodySlot"": ""head"", ""loadoutSlot"": ""armor:head"", ""slotLimitRule"": ""Only one armour item may occupy this body slot.""}, {""equipmentName"": ""Cycloid Scale Jacket"", ""slot"": ""chest"", ""itemType"": ""body"", ""sourceLocation"": ""Sky Reef Sanctuary"", ""sourceOriginal"": ""CYCLOID SCALE JACKET"", ""canonicalCraftingLocationId"": ""shellSanctum"", ""canonicalCraftingLocationName"": ""Shell Sanctum"", ""canonicalQuarryId"": ""sunSovereign"", ""canonicalQuarryName"": ""Sun Sovereign"", ""bodySlot"": ""chest"", ""loadoutSlot"": ""armor:chest"", ""slotLimitRule"": ""Only one armour item may occupy this body slot.""}, {""equipmentName"": ""Cycloid Scale Sleeves"", ""slot"": ""arms"", ""itemType"": ""arms"", ""sourceLocation"": ""Sky Reef Sanctuary"", ""sourceOriginal"": ""CYCLOID SCALE SLEEVES"", ""canonicalCraftingLocationId"": ""shellSanctum"", ""canonicalCraftingLocationName"": ""Shell Sanctum"", ""canonicalQuarryId"": ""sunSovereign"", ""canonicalQuarryName"": ""Sun Sovereign"", ""bodySlot"": ""arms"", ""loadoutSlot"": ""armor:arms"", ""slotLimitRule"": ""Only one armour item may occupy this body slot.""}, {""equipmentName"": ""Cycloid Scale Skirt"", ""slot"": ""waist"", ""itemType"": ""legs"", ""sourceLocation"": ""Sky Reef Sanctuary"", ""sourceOriginal"": ""CYCLOID SCALE SKIRT"", ""canonicalCraftingLocationId"": ""shellSanctum"", ""canonicalCraftingLocationName"": ""Shell Sanctum"", ""canonicalQuarryId"": ""sunSovereign"", ""canonicalQuarryName"": ""Sun Sovereign"", ""bodySlot"": ""waist"", ""loadoutSlot"": ""armor:waist"", ""slotLimitRule"": ""Only one armour item may occupy this body slot.""}, {""equipmentName"": ""Cycloid Scale Shoes"", ""slot"": ""legs"", ""itemType"": ""body"", ""sourceLocation"": ""Sky Reef Sanctuary"", ""sourceOriginal"": ""CYCLOID SCALE SHOES"", ""canonicalCraftingLocationId"": ""shellSanctum"", ""canonicalCraftingLocationName"": ""Shell Sanctum"", ""canonicalQuarryId"": ""sunSovereign"", ""canonicalQuarryName"": ""Sun Sovereign"", ""bodySlot"": ""legs"", ""loadoutSlot"": ""armor:legs"", ""slotLimitRule"": ""Only one armour item may occupy this body slot.""}]",
emberDrakeArmour,Ember Drake Armour,Crystal Forge,heated drake plate,5,2,"When you apply Burn, increase that Burn by 1 once per round.",4,"At the end of your turn, if you dealt damage, gain Guarded 1.",5,Your first attack against a Burning target each round gains +2 damage.,emberDrakeArmourEmberDrakeFurnaceRush,Ember Drake — Furnace Rush,"Deal 5 damage. Apply Burn 3. If the target already has Burn, gain Guarded 2.",Bonuses are granted by number of matching set pieces currently equipped. Complete bonus also injects the special ability card while the full set remains equipped.,Dragon Armory,crystalForge,Crystal Forge,"[{""equipmentName"": ""Ember Drake Skull Crown"", ""slot"": ""head"", ""itemType"": ""head"", ""sourceLocation"": ""Dragon Armory"", ""sourceOriginal"": ""DRAGONSKULL HELM"", ""canonicalCraftingLocationId"": ""crystalForge"", ""canonicalCraftingLocationName"": ""Crystal Forge"", ""canonicalQuarryId"": ""drakeEmperor"", ""canonicalQuarryName"": ""Drake Emperor"", ""bodySlot"": ""head"", ""loadoutSlot"": ""armor:head"", ""slotLimitRule"": ""Only one armour item may occupy this body slot.""}, {""equipmentName"": ""Ember Drake Mantle"", ""slot"": ""chest"", ""itemType"": ""body"", ""sourceLocation"": ""Dragon Armory"", ""sourceOriginal"": ""DRAGON MANTLE"", ""canonicalCraftingLocationId"": ""crystalForge"", ""canonicalCraftingLocationName"": ""Crystal Forge"", ""canonicalQuarryId"": ""drakeEmperor"", ""canonicalQuarryName"": ""Drake Emperor"", ""bodySlot"": ""chest"", ""loadoutSlot"": ""armor:chest"", ""slotLimitRule"": ""Only one armour item may occupy this body slot.""}, {""equipmentName"": ""Ember Drake Gloves"", ""slot"": ""arms"", ""itemType"": ""arms"", ""sourceLocation"": ""Dragon Armory"", ""sourceOriginal"": ""DRAGON GLOVES"", ""canonicalCraftingLocationId"": ""crystalForge"", ""canonicalCraftingLocationName"": ""Crystal Forge"", ""canonicalQuarryId"": ""drakeEmperor"", ""canonicalQuarryName"": ""Drake Emperor"", ""bodySlot"": ""arms"", ""loadoutSlot"": ""armor:arms"", ""slotLimitRule"": ""Only one armour item may occupy this body slot.""}, {""equipmentName"": ""Ember Drake Belt"", ""slot"": ""waist"", ""itemType"": ""legs"", ""sourceLocation"": ""Dragon Armory"", ""sourceOriginal"": ""DRAGON BELT"", ""canonicalCraftingLocationId"": ""crystalForge"", ""canonicalCraftingLocationName"": ""Crystal Forge"", ""canonicalQuarryId"": ""drakeEmperor"", ""canonicalQuarryName"": ""Drake Emperor"", ""bodySlot"": ""waist"", ""loadoutSlot"": ""armor:waist"", ""slotLimitRule"": ""Only one armour item may occupy this body slot.""}, {""equipmentName"": ""Ember Drake Treads"", ""slot"": ""legs"", ""itemType"": ""legs"", ""sourceLocation"": ""Dragon Armory"", ""sourceOriginal"": ""DRAGON BOOTS"", ""canonicalCraftingLocationId"": ""crystalForge"", ""canonicalCraftingLocationName"": ""Crystal Forge"", ""canonicalQuarryId"": ""drakeEmperor"", ""canonicalQuarryName"": ""Drake Emperor"", ""bodySlot"": ""legs"", ""loadoutSlot"": ""armor:legs"", ""slotLimitRule"": ""Only one armour item may occupy this body slot.""}]",
furArmour,Fur Armour,Stone Circle,heavy insulating fur,5,2,+1 maximum block while you have no Dodge.,4,"When you block all incoming damage, your next attack gains +1 damage.",5,"Once per round, when you gain Guarded, also cleanse Exposed 1.",furArmourFurArmourBraceTheCharge,Fur Armour — Brace the Charge,"Gain 4 block. If all of it is spent before your next turn, draw 1 card.",Bonuses are granted by number of matching set pieces currently equipped. Complete bonus also injects the special ability card while the full set remains equipped.,,,,"[{""equipmentName"": ""Heavy Skull Crown"", ""slot"": ""head"", ""itemType"": ""head"", ""sourceLocation"": ""Stone Circle"", ""sourceOriginal"": ""HEAVY SKULL HELM"", ""canonicalCraftingLocationId"": ""antelopeLarder"", ""canonicalCraftingLocationName"": ""Antelope Larder"", ""canonicalQuarryId"": ""wailingAntelope"", ""canonicalQuarryName"": ""Wailing Antelope"", ""bodySlot"": ""head"", ""loadoutSlot"": ""armor:head"", ""slotLimitRule"": ""Only one armour item may occupy this body slot.""}, {""equipmentName"": ""Fur Mantle"", ""slot"": ""chest"", ""itemType"": ""body"", ""sourceLocation"": ""Stone Circle"", ""sourceOriginal"": ""FUR MANTLE"", ""canonicalCraftingLocationId"": ""antelopeLarder"", ""canonicalCraftingLocationName"": ""Antelope Larder"", ""canonicalQuarryId"": ""wailingAntelope"", ""canonicalQuarryName"": ""Wailing Antelope"", ""bodySlot"": ""chest"", ""loadoutSlot"": ""armor:chest"", ""slotLimitRule"": ""Only one armour item may occupy this body slot.""}, {""equipmentName"": ""Fur Websilk Cuffs"", ""slot"": ""arms"", ""itemType"": ""body"", ""sourceLocation"": ""Stone Circle"", ""sourceOriginal"": ""FUR SILK CUFFS"", ""canonicalCraftingLocationId"": ""antelopeLarder"", ""canonicalCraftingLocationName"": ""Antelope Larder"", ""canonicalQuarryId"": ""wailingAntelope"", ""canonicalQuarryName"": ""Wailing Antelope"", ""bodySlot"": ""arms"", ""loadoutSlot"": ""armor:arms"", ""slotLimitRule"": ""Only one armour item may occupy this body slot.""}, {""equipmentName"": ""Fur Kilt"", ""slot"": ""waist"", ""itemType"": ""body"", ""sourceLocation"": ""Stone Circle"", ""sourceOriginal"": ""FUR KILT"", ""canonicalCraftingLocationId"": ""antelopeLarder"", ""canonicalCraftingLocationName"": ""Antelope Larder"", ""canonicalQuarryId"": ""wailingAntelope"", ""canonicalQuarryName"": ""Wailing Antelope"", ""bodySlot"": ""waist"", ""loadoutSlot"": ""armor:waist"", ""slotLimitRule"": ""Only one armour item may occupy this body slot.""}, {""equipmentName"": ""Fur Leg Warmers"", ""slot"": ""legs"", ""itemType"": ""legs"", ""sourceLocation"": ""Stone Circle"", ""sourceOriginal"": ""FUR LEG WARMERS"", ""canonicalCraftingLocationId"": ""antelopeLarder"", ""canonicalCraftingLocationName"": ""Antelope Larder"", ""canonicalQuarryId"": ""wailingAntelope"", ""canonicalQuarryName"": ""Wailing Antelope"", ""bodySlot"": ""legs"", ""loadoutSlot"": ""armor:legs"", ""slotLimitRule"": ""Only one armour item may occupy this body slot.""}]",
godlingStormhideArmour,Godling Stormhide Armour,Storm Shrine,rubbery storm-hide armour,5,2,The first Poison you would gain each round is reduced by 1.,4,"When you take damage, apply Shock 1 to the attacker once per round.",5,"At the start of battle, gain Guarded 2 and Poison Ward 1.",gormentArmourGormentArmourSpikedRecoil,Gorment Armour — Spiked Recoil,"Gain 3 block. If this blocks damage, apply Shock 2 and Marked 1.",Bonuses are granted by number of matching set pieces currently equipped. Complete bonus also injects the special ability card while the full set remains equipped.,Gormery,stormShrine,Storm Shrine,"[{""equipmentName"": ""Godling Stormhide Visage"", ""slot"": ""head"", ""itemType"": ""charm"", ""sourceLocation"": ""Gormery"", ""sourceOriginal"": ""GORMENT MASK"", ""canonicalCraftingLocationId"": ""stormShrine"", ""canonicalCraftingLocationName"": ""Storm Shrine"", ""canonicalQuarryId"": ""bloatedGodling"", ""canonicalQuarryName"": ""Bloated Godling"", ""bodySlot"": ""head"", ""loadoutSlot"": ""armor:head"", ""slotLimitRule"": ""Only one armour item may occupy this body slot.""}, {""equipmentName"": ""Godling Stormhide Suit"", ""slot"": ""chest"", ""itemType"": ""body"", ""sourceLocation"": ""Gormery"", ""sourceOriginal"": ""GORMENT SUIT"", ""canonicalCraftingLocationId"": ""stormShrine"", ""canonicalCraftingLocationName"": ""Storm Shrine"", ""canonicalQuarryId"": ""bloatedGodling"", ""canonicalQuarryName"": ""Bloated Godling"", ""bodySlot"": ""chest"", ""loadoutSlot"": ""armor:chest"", ""slotLimitRule"": ""Only one armour item may occupy this body slot.""}, {""equipmentName"": ""Godling Stormhide Sleeves"", ""slot"": ""arms"", ""itemType"": ""arms"", ""sourceLocation"": ""Gormery"", ""sourceOriginal"": ""GORMENT SLEEVES"", ""canonicalCraftingLocationId"": ""stormShrine"", ""canonicalCraftingLocationName"": ""Storm Shrine"", ""canonicalQuarryId"": ""bloatedGodling"", ""canonicalQuarryName"": ""Bloated Godling"", ""bodySlot"": ""arms"", ""loadoutSlot"": ""armor:arms"", ""slotLimitRule"": ""Only one armour item may occupy this body slot.""}, {""equipmentName"": ""Armor Spikes"", ""slot"": ""waist"", ""itemType"": ""body"", ""sourceLocation"": ""Gormery"", ""sourceOriginal"": ""ARMOR SPIKES"", ""canonicalCraftingLocationId"": ""stormShrine"", ""canonicalCraftingLocationName"": ""Storm Shrine"", ""canonicalQuarryId"": ""bloatedGodling"", ""canonicalQuarryName"": ""Bloated Godling"", ""bodySlot"": ""waist"", ""loadoutSlot"": ""armor:waist"", ""slotLimitRule"": ""Only one armour item may occupy this body slot.""}, {""equipmentName"": ""Godling Stormhide Treads"", ""slot"": ""legs"", ""itemType"": ""legs"", ""sourceLocation"": ""Gormery"", ""sourceOriginal"": ""GORMENT BOOTS"", ""canonicalCraftingLocationId"": ""stormShrine"", ""canonicalCraftingLocationName"": ""Storm Shrine"", ""canonicalQuarryId"": ""bloatedGodling"", ""canonicalQuarryName"": ""Bloated Godling"", ""bodySlot"": ""legs"", ""loadoutSlot"": ""armor:legs"", ""slotLimitRule"": ""Only one armour item may occupy this body slot.""}]",
greenKnightArmour,Green Knight Armour,Green Armor,mythic green plate,5,2,+1 break damage on the first attack you play each round.,4,"When you break a weak point, heal 1 wound or cleanse Bleed 1.",5,"Once per battle, when you would be defeated, remain at 1 HP and gain Guarded 3.",greenKnightArmourGreenKnightOathOfTheLastStand,Green Knight — Oath of the Last Stand,"When you would drop to 0 HP, stay at 1 HP, cleanse Bleed 2, and gain Guarded 3.",Bonuses are granted by number of matching set pieces currently equipped. Complete bonus also injects the special ability card while the full set remains equipped.,,,,"[{""equipmentName"": ""Green Crown"", ""slot"": ""head"", ""itemType"": ""head"", ""sourceLocation"": ""Green Armor"", ""sourceOriginal"": ""GREEN HELM"", ""canonicalCraftingLocationId"": ""armourDoctrine"", ""canonicalCraftingLocationName"": ""Armour Doctrine"", ""canonicalQuarryId"": ""chitinCrusader"", ""canonicalQuarryName"": ""Chitin Crusader"", ""bodySlot"": ""head"", ""loadoutSlot"": ""armor:head"", ""slotLimitRule"": ""Only one armour item may occupy this body slot.""}, {""equipmentName"": ""Green Plate"", ""slot"": ""chest"", ""itemType"": ""body"", ""sourceLocation"": ""Green Armor"", ""sourceOriginal"": ""GREEN PLATE"", ""canonicalCraftingLocationId"": ""armourDoctrine"", ""canonicalCraftingLocationName"": ""Armour Doctrine"", ""canonicalQuarryId"": ""chitinCrusader"", ""canonicalQuarryName"": ""Chitin Crusader"", ""bodySlot"": ""chest"", ""loadoutSlot"": ""armor:chest"", ""slotLimitRule"": ""Only one armour item may occupy this body slot.""}, {""equipmentName"": ""Green Gloves"", ""slot"": ""arms"", ""itemType"": ""arms"", ""sourceLocation"": ""Green Armor"", ""sourceOriginal"": ""GREEN GLOVES"", ""canonicalCraftingLocationId"": ""armourDoctrine"", ""canonicalCraftingLocationName"": ""Armour Doctrine"", ""canonicalQuarryId"": ""chitinCrusader"", ""canonicalQuarryName"": ""Chitin Crusader"", ""bodySlot"": ""arms"", ""loadoutSlot"": ""armor:arms"", ""slotLimitRule"": ""Only one armour item may occupy this body slot.""}, {""equipmentName"": ""Green Faulds"", ""slot"": ""waist"", ""itemType"": ""body"", ""sourceLocation"": ""Green Armor"", ""sourceOriginal"": ""GREEN FAULDS"", ""canonicalCraftingLocationId"": ""armourDoctrine"", ""canonicalCraftingLocationName"": ""Armour Doctrine"", ""canonicalQuarryId"": ""chitinCrusader"", ""canonicalQuarryName"": ""Chitin Crusader"", ""bodySlot"": ""waist"", ""loadoutSlot"": ""armor:waist"", ""slotLimitRule"": ""Only one armour item may occupy this body slot.""}, {""equipmentName"": ""Green Treads"", ""slot"": ""legs"", ""itemType"": ""legs"", ""sourceLocation"": ""Green Armor"", ""sourceOriginal"": ""GREEN BOOTS"", ""canonicalCraftingLocationId"": ""armourDoctrine"", ""canonicalCraftingLocationName"": ""Armour Doctrine"", ""canonicalQuarryId"": ""chitinCrusader"", ""canonicalQuarryName"": ""Chitin Crusader"", ""bodySlot"": ""legs"", ""loadoutSlot"": ""armor:legs"", ""slotLimitRule"": ""Only one armour item may occupy this body slot.""}]",
lanternArmour,Lantern Armour,Blacksmith,settlement-forged lantern metal,5,2,+1 block on your first block card each round.,4,"Once per round when you play a 0-cost card, gain Marked 1 on the quarry.",5,"At battle start, add 1 Lantern Charge. Spend it to reduce any card cost by 1.",lanternArmourLanternArmourRaiseTheLight,Lantern Armour — Raise the Light,"Gain Guarded 2. Reduce the cost of the next card you play this turn by 1, minimum 0.",Bonuses are granted by number of matching set pieces currently equipped. Complete bonus also injects the special ability card while the full set remains equipped.,,,,"[{""equipmentName"": ""Lantern Crown"", ""slot"": ""head"", ""itemType"": ""head"", ""sourceLocation"": ""Blacksmith"", ""sourceOriginal"": ""LANTERN HELM"", ""canonicalCraftingLocationId"": ""boneSmith"", ""canonicalCraftingLocationName"": ""Bone Smith"", ""canonicalQuarryId"": """", ""canonicalQuarryName"": ""Settlement"", ""bodySlot"": ""head"", ""loadoutSlot"": ""armor:head"", ""slotLimitRule"": ""Only one armour item may occupy this body slot.""}, {""equipmentName"": ""Lantern Cuirass"", ""slot"": ""chest"", ""itemType"": ""body"", ""sourceLocation"": ""Blacksmith"", ""sourceOriginal"": ""LANTERN CUIRASS"", ""canonicalCraftingLocationId"": ""boneSmith"", ""canonicalCraftingLocationName"": ""Bone Smith"", ""canonicalQuarryId"": """", ""canonicalQuarryName"": ""Settlement"", ""bodySlot"": ""chest"", ""loadoutSlot"": ""armor:chest"", ""slotLimitRule"": ""Only one armour item may occupy this body slot.""}, {""equipmentName"": ""Lantern Gloves"", ""slot"": ""arms"", ""itemType"": ""arms"", ""sourceLocation"": ""Blacksmith"", ""sourceOriginal"": ""LANTERN GAUNTLETS"", ""canonicalCraftingLocationId"": ""boneSmith"", ""canonicalCraftingLocationName"": ""Bone Smith"", ""canonicalQuarryId"": """", ""canonicalQuarryName"": ""Settlement"", ""bodySlot"": ""arms"", ""loadoutSlot"": ""armor:arms"", ""slotLimitRule"": ""Only one armour item may occupy this body slot.""}, {""equipmentName"": ""Lantern Mail"", ""slot"": ""waist"", ""itemType"": ""body"", ""sourceLocation"": ""Blacksmith"", ""sourceOriginal"": ""LANTERN MAIL"", ""canonicalCraftingLocationId"": ""boneSmith"", ""canonicalCraftingLocationName"": ""Bone Smith"", ""canonicalQuarryId"": """", ""canonicalQuarryName"": ""Settlement"", ""bodySlot"": ""waist"", ""loadoutSlot"": ""armor:waist"", ""slotLimitRule"": ""Only one armour item may occupy this body slot.""}, {""equipmentName"": ""Lantern Greaves"", ""slot"": ""legs"", ""itemType"": ""legs"", ""sourceLocation"": ""Blacksmith"", ""sourceOriginal"": ""LANTERN GREAVES"", ""canonicalCraftingLocationId"": ""boneSmith"", ""canonicalCraftingLocationName"": ""Bone Smith"", ""canonicalQuarryId"": """", ""canonicalQuarryName"": ""Settlement"", ""bodySlot"": ""legs"", ""loadoutSlot"": ""armor:legs"", ""slotLimitRule"": ""Only one armour item may occupy this body slot.""}]",
hideArmour,Hide Armour,Leather Worker,raw practical hide layers,5,2,"After you harvest or confirm a resource, gain Guarded 1.",4,The first wound you take each battle is reduced by 1 damage.,5,"When you end your turn with no wounds taken this round, draw 1 then discard 1.",hideArmourHideArmourSurvivorSInstinct,Hide Armour — Survivor's Instinct,Look at the top 2 cards of your deck. Keep 1 and discard 1. Gain Guarded 1.,Bonuses are granted by number of matching set pieces currently equipped. Complete bonus also injects the special ability card while the full set remains equipped.,,,,"[{""equipmentName"": ""Hide Visage"", ""slot"": ""head"", ""itemType"": ""charm"", ""sourceLocation"": ""Leather Worker"", ""sourceOriginal"": ""LEATHER MASK"", ""canonicalCraftingLocationId"": ""skinnery"", ""canonicalCraftingLocationName"": ""Skinnery"", ""canonicalQuarryId"": """", ""canonicalQuarryName"": ""Settlement"", ""bodySlot"": ""head"", ""loadoutSlot"": ""armor:head"", ""slotLimitRule"": ""Only one armour item may occupy this body slot.""}, {""equipmentName"": ""Hide Cuirass"", ""slot"": ""chest"", ""itemType"": ""body"", ""sourceLocation"": ""Leather Worker"", ""sourceOriginal"": ""LEATHER CUIRASS"", ""canonicalCraftingLocationId"": ""skinnery"", ""canonicalCraftingLocationName"": ""Skinnery"", ""canonicalQuarryId"": """", ""canonicalQuarryName"": ""Settlement"", ""bodySlot"": ""chest"", ""loadoutSlot"": ""armor:chest"", ""slotLimitRule"": ""Only one armour item may occupy this body slot.""}, {""equipmentName"": ""Hide Bracers"", ""slot"": ""arms"", ""itemType"": ""arms"", ""sourceLocation"": ""Leather Worker"", ""sourceOriginal"": ""LEATHER BRACERS"", ""canonicalCraftingLocationId"": ""skinnery"", ""canonicalCraftingLocationName"": ""Skinnery"", ""canonicalQuarryId"": """", ""canonicalQuarryName"": ""Settlement"", ""bodySlot"": ""arms"", ""loadoutSlot"": ""armor:arms"", ""slotLimitRule"": ""Only one armour item may occupy this body slot.""}, {""equipmentName"": ""Hide Skirt"", ""slot"": ""waist"", ""itemType"": ""legs"", ""sourceLocation"": ""Leather Worker"", ""sourceOriginal"": ""LEATHER SKIRT"", ""canonicalCraftingLocationId"": ""skinnery"", ""canonicalCraftingLocationName"": ""Skinnery"", ""canonicalQuarryId"": """", ""canonicalQuarryName"": ""Settlement"", ""bodySlot"": ""waist"", ""loadoutSlot"": ""armor:waist"", ""slotLimitRule"": ""Only one armour item may occupy this body slot.""}, {""equipmentName"": ""Hide Treads"", ""slot"": ""legs"", ""itemType"": ""legs"", ""sourceLocation"": ""Leather Worker"", ""sourceOriginal"": ""LEATHER BOOTS"", ""canonicalCraftingLocationId"": ""skinnery"", ""canonicalCraftingLocationName"": ""Skinnery"", ""canonicalQuarryId"": """", ""canonicalQuarryName"": ""Settlement"", ""bodySlot"": ""legs"", ""loadoutSlot"": ""armor:legs"", ""slotLimitRule"": ""Only one armour item may occupy this body slot.""}]",
ashPhoenixArmour,Ash Phoenix Armour,Phoenix Pyre,burning feather plate,5,2,"When you discard a card, gain Guarded 1 once per round.",4,Your attacks against a target with Doom gain +1 damage.,5,"The first time you apply Doom each battle, also apply Burn 2.",phoenixArmourPhoenixArmourFeatherstormReversal,Phoenix Armour — Featherstorm Reversal,Deal 4 damage. Apply Doom 2 and Burn 1. You may discard 1 to draw 1.,Bonuses are granted by number of matching set pieces currently equipped. Complete bonus also injects the special ability card while the full set remains equipped.,Plumery,phoenixPyre,Phoenix Pyre,"[{""equipmentName"": ""Ash Phoenix Crown"", ""slot"": ""head"", ""itemType"": ""head"", ""sourceLocation"": ""Plumery"", ""sourceOriginal"": ""PHOENIX HELM"", ""canonicalCraftingLocationId"": ""phoenixPyre"", ""canonicalCraftingLocationName"": ""Phoenix Pyre"", ""canonicalQuarryId"": ""ashPhoenix"", ""canonicalQuarryName"": ""Ash Phoenix"", ""bodySlot"": ""head"", ""loadoutSlot"": ""armor:head"", ""slotLimitRule"": ""Only one armour item may occupy this body slot.""}, {""equipmentName"": ""Ash Phoenix Plackart"", ""slot"": ""chest"", ""itemType"": ""body"", ""sourceLocation"": ""Plumery"", ""sourceOriginal"": ""PHOENIX PLACKART"", ""canonicalCraftingLocationId"": ""phoenixPyre"", ""canonicalCraftingLocationName"": ""Phoenix Pyre"", ""canonicalQuarryId"": ""ashPhoenix"", ""canonicalQuarryName"": ""Ash Phoenix"", ""bodySlot"": ""chest"", ""loadoutSlot"": ""armor:chest"", ""slotLimitRule"": ""Only one armour item may occupy this body slot.""}, {""equipmentName"": ""Ash Phoenix Gauntlet"", ""slot"": ""arms"", ""itemType"": ""arms"", ""sourceLocation"": ""Plumery"", ""sourceOriginal"": ""PHOENIX GAUNTLET"", ""canonicalCraftingLocationId"": ""phoenixPyre"", ""canonicalCraftingLocationName"": ""Phoenix Pyre"", ""canonicalQuarryId"": ""ashPhoenix"", ""canonicalQuarryName"": ""Ash Phoenix"", ""bodySlot"": ""arms"", ""loadoutSlot"": ""armor:arms"", ""slotLimitRule"": ""Only one armour item may occupy this body slot.""}, {""equipmentName"": ""Ash Phoenix Faulds"", ""slot"": ""waist"", ""itemType"": ""body"", ""sourceLocation"": ""Plumery"", ""sourceOriginal"": ""PHOENIX FAULDS"", ""canonicalCraftingLocationId"": ""phoenixPyre"", ""canonicalCraftingLocationName"": ""Phoenix Pyre"", ""canonicalQuarryId"": ""ashPhoenix"", ""canonicalQuarryName"": ""Ash Phoenix"", ""bodySlot"": ""waist"", ""loadoutSlot"": ""armor:waist"", ""slotLimitRule"": ""Only one armour item may occupy this body slot.""}, {""equipmentName"": ""Ash Phoenix Greaves"", ""slot"": ""legs"", ""itemType"": ""legs"", ""sourceLocation"": ""Plumery"", ""sourceOriginal"": ""PHOENIX GREAVES"", ""canonicalCraftingLocationId"": ""phoenixPyre"", ""canonicalCraftingLocationName"": ""Phoenix Pyre"", ""canonicalQuarryId"": ""ashPhoenix"", ""canonicalQuarryName"": ""Ash Phoenix"", ""bodySlot"": ""legs"", ""loadoutSlot"": ""armor:legs"", ""slotLimitRule"": ""Only one armour item may occupy this body slot.""}]",
ashPhoenixArmourVariant,Ash Phoenix Armour Variant,Phoenix Pyre,lighter feather duelist plate,5,2,Your first dodge each battle also grants Guarded 1.,4,"After you draw and discard, your next attack gains +1 break damage.",5,"Once per round, when you play an attack after a support card, apply Doom 1.",phoenixArmourVariantPhoenixVariantAshStep,Phoenix Variant — Ash Step,Move 2 spaces. Draw 1 then discard 1. Your next attack this turn applies Doom 1.,Bonuses are granted by number of matching set pieces currently equipped. Complete bonus also injects the special ability card while the full set remains equipped.,Plumery,phoenixPyre,Phoenix Pyre,"[{""equipmentName"": ""Ash Phoenix Crown"", ""slot"": ""head"", ""itemType"": ""head"", ""sourceLocation"": ""Plumery"", ""sourceOriginal"": ""PHOENIX HELM"", ""canonicalCraftingLocationId"": ""phoenixPyre"", ""canonicalCraftingLocationName"": ""Phoenix Pyre"", ""canonicalQuarryId"": ""ashPhoenix"", ""canonicalQuarryName"": ""Ash Phoenix"", ""bodySlot"": ""head"", ""loadoutSlot"": ""armor:head"", ""slotLimitRule"": ""Only one armour item may occupy this body slot.""}, {""equipmentName"": ""Ash Phoenix Plackart"", ""slot"": ""chest"", ""itemType"": ""body"", ""sourceLocation"": ""Plumery"", ""sourceOriginal"": ""PHOENIX PLACKART"", ""canonicalCraftingLocationId"": ""phoenixPyre"", ""canonicalCraftingLocationName"": ""Phoenix Pyre"", ""canonicalQuarryId"": ""ashPhoenix"", ""canonicalQuarryName"": ""Ash Phoenix"", ""bodySlot"": ""chest"", ""loadoutSlot"": ""armor:chest"", ""slotLimitRule"": ""Only one armour item may occupy this body slot.""}, {""equipmentName"": ""Ash Phoenix Gloves"", ""slot"": ""arms"", ""itemType"": ""arms"", ""sourceLocation"": ""Plumery"", ""sourceOriginal"": ""PHOENIX GAUNTLETS"", ""canonicalCraftingLocationId"": ""phoenixPyre"", ""canonicalCraftingLocationName"": ""Phoenix Pyre"", ""canonicalQuarryId"": ""ashPhoenix"", ""canonicalQuarryName"": ""Ash Phoenix"", ""bodySlot"": ""arms"", ""loadoutSlot"": ""armor:arms"", ""slotLimitRule"": ""Only one armour item may occupy this body slot.""}, {""equipmentName"": ""Ash Phoenix Faulds"", ""slot"": ""waist"", ""itemType"": ""body"", ""sourceLocation"": ""Plumery"", ""sourceOriginal"": ""PHOENIX FAULDS"", ""canonicalCraftingLocationId"": ""phoenixPyre"", ""canonicalCraftingLocationName"": ""Phoenix Pyre"", ""canonicalQuarryId"": ""ashPhoenix"", ""canonicalQuarryName"": ""Ash Phoenix"", ""bodySlot"": ""waist"", ""loadoutSlot"": ""armor:waist"", ""slotLimitRule"": ""Only one armour item may occupy this body slot.""}, {""equipmentName"": ""Ash Phoenix Greaves"", ""slot"": ""legs"", ""itemType"": ""legs"", ""sourceLocation"": ""Plumery"", ""sourceOriginal"": ""PHOENIX GREAVES"", ""canonicalCraftingLocationId"": ""phoenixPyre"", ""canonicalCraftingLocationName"": ""Phoenix Pyre"", ""canonicalQuarryId"": ""ashPhoenix"", ""canonicalQuarryName"": ""Ash Phoenix"", ""bodySlot"": ""legs"", ""loadoutSlot"": ""armor:legs"", ""slotLimitRule"": ""Only one armour item may occupy this body slot.""}]",
stitchedHideArmour,Stitched Hide Armour,Skinnery,stitched rawhide patchwork,5,2,"At the start of battle, gain Guarded 1.",4,"When you cleanse a status, gain +1 damage on your next attack.",5,"Once per battle, recover a discarded block or support card.",stitchedHideArmourStitchedHidePatchTheSeam,Stitched Hide — Patch the Seam,"Cleanse Bleed 1, Poison 1, or Burn 1. Recover 1 block card from your discard.",Bonuses are granted by number of matching set pieces currently equipped. Complete bonus also injects the special ability card while the full set remains equipped.,,,,"[{""equipmentName"": ""Stitched Hide Headband"", ""slot"": ""head"", ""itemType"": ""head"", ""sourceLocation"": ""Skinnery"", ""sourceOriginal"": ""RAWHIDE HEADBAND"", ""canonicalCraftingLocationId"": ""skinnery"", ""canonicalCraftingLocationName"": ""Skinnery"", ""canonicalQuarryId"": """", ""canonicalQuarryName"": ""Settlement"", ""bodySlot"": ""head"", ""loadoutSlot"": ""armor:head"", ""slotLimitRule"": ""Only one armour item may occupy this body slot.""}, {""equipmentName"": ""Stitched Hide Vest"", ""slot"": ""chest"", ""itemType"": ""body"", ""sourceLocation"": ""Skinnery"", ""sourceOriginal"": ""RAWHIDE VEST"", ""canonicalCraftingLocationId"": ""skinnery"", ""canonicalCraftingLocationName"": ""Skinnery"", ""canonicalQuarryId"": """", ""canonicalQuarryName"": ""Settlement"", ""bodySlot"": ""chest"", ""loadoutSlot"": ""armor:chest"", ""slotLimitRule"": ""Only one armour item may occupy this body slot.""}, {""equipmentName"": ""Stitched Hide Gloves"", ""slot"": ""arms"", ""itemType"": ""arms"", ""sourceLocation"": ""Skinnery"", ""sourceOriginal"": ""RAWHIDE GLOVES"", ""canonicalCraftingLocationId"": ""skinnery"", ""canonicalCraftingLocationName"": ""Skinnery"", ""canonicalQuarryId"": """", ""canonicalQuarryName"": ""Settlement"", ""bodySlot"": ""arms"", ""loadoutSlot"": ""armor:arms"", ""slotLimitRule"": ""Only one armour item may occupy this body slot.""}, {""equipmentName"": ""Stitched Hide Pants"", ""slot"": ""waist"", ""itemType"": ""legs"", ""sourceLocation"": ""Skinnery"", ""sourceOriginal"": ""RAWHIDE PANTS"", ""canonicalCraftingLocationId"": ""skinnery"", ""canonicalCraftingLocationName"": ""Skinnery"", ""canonicalQuarryId"": """", ""canonicalQuarryName"": ""Settlement"", ""bodySlot"": ""waist"", ""loadoutSlot"": ""armor:waist"", ""slotLimitRule"": ""Only one armour item may occupy this body slot.""}, {""equipmentName"": ""Stitched Hide Treads"", ""slot"": ""legs"", ""itemType"": ""legs"", ""sourceLocation"": ""Skinnery"", ""sourceOriginal"": ""RAWHIDE BOOTS"", ""canonicalCraftingLocationId"": ""skinnery"", ""canonicalCraftingLocationName"": ""Skinnery"", ""canonicalQuarryId"": """", ""canonicalQuarryName"": ""Settlement"", ""bodySlot"": ""legs"", ""loadoutSlot"": ""armor:legs"", ""slotLimitRule"": ""Only one armour item may occupy this body slot.""}]",
rollingArmour,Rolling Armour,Chitin Foundry,resin-heavy rolling shell,5,2,"After you block, you may move 1 space.",4,"When you move after blocking, gain Guarded 1.",5,"Once per round, your first Counter after moving costs 1 less, minimum 0.",rollingArmourRollingArmourShellMomentum,Rolling Armour — Shell Momentum,"Move 2 spaces. Gain 3 block. If you moved this turn already, deal 2 damage.",Bonuses are granted by number of matching set pieces currently equipped. Complete bonus also injects the special ability card while the full set remains equipped.,Wet Resin Crafter,chitinFoundry,Chitin Foundry,"[{""equipmentName"": ""Green Crown"", ""slot"": ""head"", ""itemType"": ""head"", ""sourceLocation"": ""Chitin Foundry"", ""sourceOriginal"": ""GREEN HELM"", ""canonicalCraftingLocationId"": ""armourDoctrine"", ""canonicalCraftingLocationName"": ""Armour Doctrine"", ""canonicalQuarryId"": ""chitinCrusader"", ""canonicalQuarryName"": ""Chitin Crusader"", ""bodySlot"": ""head"", ""loadoutSlot"": ""armor:head"", ""slotLimitRule"": ""Only one armour item may occupy this body slot.""}, {""equipmentName"": ""Rubber Bone Harness"", ""slot"": ""chest"", ""itemType"": ""body"", ""sourceLocation"": ""Chitin Foundry"", ""sourceOriginal"": ""RUBBER BONE HARNESS"", ""canonicalCraftingLocationId"": ""chitinFoundry"", ""canonicalCraftingLocationName"": ""Chitin Foundry"", ""canonicalQuarryId"": ""chitinCrusader"", ""canonicalQuarryName"": ""Chitin Crusader"", ""bodySlot"": ""chest"", ""loadoutSlot"": ""armor:chest"", ""slotLimitRule"": ""Only one armour item may occupy this body slot.""}, {""equipmentName"": ""Century Shoulder Pads"", ""slot"": ""arms"", ""itemType"": ""arms"", ""sourceLocation"": ""Chitin Foundry"", ""sourceOriginal"": ""CENTURY SHOULDER PADS"", ""canonicalCraftingLocationId"": ""chitinFoundry"", ""canonicalCraftingLocationName"": ""Chitin Foundry"", ""canonicalQuarryId"": ""chitinCrusader"", ""canonicalQuarryName"": ""Chitin Crusader"", ""bodySlot"": ""arms"", ""loadoutSlot"": ""armor:arms"", ""slotLimitRule"": ""Only one armour item may occupy this body slot.""}, {""equipmentName"": ""Green Faulds"", ""slot"": ""waist"", ""itemType"": ""body"", ""sourceLocation"": ""Chitin Foundry"", ""sourceOriginal"": ""GREEN FAULDS"", ""canonicalCraftingLocationId"": ""armourDoctrine"", ""canonicalCraftingLocationName"": ""Armour Doctrine"", ""canonicalQuarryId"": ""chitinCrusader"", ""canonicalQuarryName"": ""Chitin Crusader"", ""bodySlot"": ""waist"", ""loadoutSlot"": ""armor:waist"", ""slotLimitRule"": ""Only one armour item may occupy this body slot.""}, {""equipmentName"": ""Century Greaves"", ""slot"": ""legs"", ""itemType"": ""legs"", ""sourceLocation"": ""Chitin Foundry"", ""sourceOriginal"": ""CENTURY GREAVES"", ""canonicalCraftingLocationId"": ""chitinFoundry"", ""canonicalCraftingLocationName"": ""Chitin Foundry"", ""canonicalQuarryId"": ""chitinCrusader"", ""canonicalQuarryName"": ""Chitin Crusader"", ""bodySlot"": ""legs"", ""loadoutSlot"": ""armor:legs"", ""slotLimitRule"": ""Only one armour item may occupy this body slot.""}]",Rebuilt from existing Chitin Crusader armour pieces so the full set can obey one Head/Chest/Waist/Arms/Legs slot each.
wailingArmour,Wailing Armour,Stone Circle,howling hunt-hide armour,5,2,"When you apply Marked, increase it by 1 once per round.",4,Marked targets deal 1 less damage to you.,5,Your first attack each round against a Marked target also applies Exposed 1.,wailingArmourWailingArmourTerrorCall,Wailing Armour — Terror Call,Apply Marked 3 and Exposed 1. The quarry targets this survivor next unless redirected.,Bonuses are granted by number of matching set pieces currently equipped. Complete bonus also injects the special ability card while the full set remains equipped.,,,,"[{""equipmentName"": ""Wailing Horns"", ""slot"": ""head"", ""itemType"": ""tool"", ""sourceLocation"": ""Stone Circle"", ""sourceOriginal"": ""SCREAMING HORNS"", ""canonicalCraftingLocationId"": ""antelopeLarder"", ""canonicalCraftingLocationName"": ""Antelope Larder"", ""canonicalQuarryId"": ""wailingAntelope"", ""canonicalQuarryName"": ""Wailing Antelope"", ""bodySlot"": ""head"", ""loadoutSlot"": ""armor:head"", ""slotLimitRule"": ""Only one armour item may occupy this body slot.""}, {""equipmentName"": ""Wailing Coat"", ""slot"": ""chest"", ""itemType"": ""body"", ""sourceLocation"": ""Stone Circle"", ""sourceOriginal"": ""SCREAMING COAT"", ""canonicalCraftingLocationId"": ""antelopeLarder"", ""canonicalCraftingLocationName"": ""Antelope Larder"", ""canonicalQuarryId"": ""wailingAntelope"", ""canonicalQuarryName"": ""Wailing Antelope"", ""bodySlot"": ""chest"", ""loadoutSlot"": ""armor:chest"", ""slotLimitRule"": ""Only one armour item may occupy this body slot.""}, {""equipmentName"": ""Wailing Bracers"", ""slot"": ""arms"", ""itemType"": ""arms"", ""sourceLocation"": ""Stone Circle"", ""sourceOriginal"": ""SCREAMING BRACERS"", ""canonicalCraftingLocationId"": ""antelopeLarder"", ""canonicalCraftingLocationName"": ""Antelope Larder"", ""canonicalQuarryId"": ""wailingAntelope"", ""canonicalQuarryName"": ""Wailing Antelope"", ""bodySlot"": ""arms"", ""loadoutSlot"": ""armor:arms"", ""slotLimitRule"": ""Only one armour item may occupy this body slot.""}, {""equipmentName"": ""Wailing Skirt"", ""slot"": ""waist"", ""itemType"": ""legs"", ""sourceLocation"": ""Stone Circle"", ""sourceOriginal"": ""SCREAMING SKIRT"", ""canonicalCraftingLocationId"": ""antelopeLarder"", ""canonicalCraftingLocationName"": ""Antelope Larder"", ""canonicalQuarryId"": ""wailingAntelope"", ""canonicalQuarryName"": ""Wailing Antelope"", ""bodySlot"": ""waist"", ""loadoutSlot"": ""armor:waist"", ""slotLimitRule"": ""Only one armour item may occupy this body slot.""}, {""equipmentName"": ""Wailing Leg Warmers"", ""slot"": ""legs"", ""itemType"": ""legs"", ""sourceLocation"": ""Stone Circle"", ""sourceOriginal"": ""SCREAMING LEG WARMERS"", ""canonicalCraftingLocationId"": ""antelopeLarder"", ""canonicalCraftingLocationName"": ""Antelope Larder"", ""canonicalQuarryId"": ""wailingAntelope"", ""canonicalQuarryName"": ""Wailing Antelope"", ""bodySlot"": ""legs"", ""loadoutSlot"": ""armor:legs"", ""slotLimitRule"": ""Only one armour item may occupy this body slot.""}]",
websilkArmour,Websilk Armour,Silk Mill,sticky silk bindings,5,2,"When you apply Snared, increase it by 1 once per round.",4,Snared targets take +1 damage from your first attack each round.,5,"After you play a support card, your next attack applies Snared 1.",websilkArmourWebsilkArmourBindingThread,Websilk Armour — Binding Thread,Apply Snared 3. Choose an ally; their next attack this round gains +1 damage.,Bonuses are granted by number of matching set pieces currently equipped. Complete bonus also injects the special ability card while the full set remains equipped.,,,,"[{""equipmentName"": ""Websilk Turban"", ""slot"": ""head"", ""itemType"": ""head"", ""sourceLocation"": ""Silk Mill"", ""sourceOriginal"": ""SILK TURBAN"", ""canonicalCraftingLocationId"": ""silkLoom"", ""canonicalCraftingLocationName"": ""Silk Loom"", ""canonicalQuarryId"": ""silkMatriarch"", ""canonicalQuarryName"": ""Silk Matriarch"", ""bodySlot"": ""head"", ""loadoutSlot"": ""armor:head"", ""slotLimitRule"": ""Only one armour item may occupy this body slot.""}, {""equipmentName"": ""Websilk Body Suit"", ""slot"": ""chest"", ""itemType"": ""body"", ""sourceLocation"": ""Silk Mill"", ""sourceOriginal"": ""SILK BODY SUIT"", ""canonicalCraftingLocationId"": ""silkLoom"", ""canonicalCraftingLocationName"": ""Silk Loom"", ""canonicalQuarryId"": ""silkMatriarch"", ""canonicalQuarryName"": ""Silk Matriarch"", ""bodySlot"": ""chest"", ""loadoutSlot"": ""armor:chest"", ""slotLimitRule"": ""Only one armour item may occupy this body slot.""}, {""equipmentName"": ""Websilk Wraps"", ""slot"": ""arms"", ""itemType"": ""body"", ""sourceLocation"": ""Silk Mill"", ""sourceOriginal"": ""SILK WRAPS"", ""canonicalCraftingLocationId"": ""silkLoom"", ""canonicalCraftingLocationName"": ""Silk Loom"", ""canonicalQuarryId"": ""silkMatriarch"", ""canonicalQuarryName"": ""Silk Matriarch"", ""bodySlot"": ""arms"", ""loadoutSlot"": ""armor:arms"", ""slotLimitRule"": ""Only one armour item may occupy this body slot.""}, {""equipmentName"": ""Websilk Sash"", ""slot"": ""waist"", ""itemType"": ""body"", ""sourceLocation"": ""Silk Mill"", ""sourceOriginal"": ""SILK SASH"", ""canonicalCraftingLocationId"": ""silkLoom"", ""canonicalCraftingLocationName"": ""Silk Loom"", ""canonicalQuarryId"": ""silkMatriarch"", ""canonicalQuarryName"": ""Silk Matriarch"", ""bodySlot"": ""waist"", ""loadoutSlot"": ""armor:waist"", ""slotLimitRule"": ""Only one armour item may occupy this body slot.""}, {""equipmentName"": ""Websilk Treads"", ""slot"": ""legs"", ""itemType"": ""legs"", ""sourceLocation"": ""Silk Mill"", ""sourceOriginal"": ""SILK BOOTS"", ""canonicalCraftingLocationId"": ""silkLoom"", ""canonicalCraftingLocationName"": ""Silk Loom"", ""canonicalQuarryId"": ""silkMatriarch"", ""canonicalQuarryName"": ""Silk Matriarch"", ""bodySlot"": ""legs"", ""loadoutSlot"": ""armor:legs"", ""slotLimitRule"": ""Only one armour item may occupy this body slot.""}]",
websilkenArmour,Websilken Armour,Silk Mill,ritual silk robes,5,2,"Once per round, when you gain Guarded, apply Snared 1.",4,Your first support card each battle also heals 1 wound.,5,"At the start of your turn, if the quarry is Snared, draw 1 then discard 1.",websilkenArmourWebsilkenArmourCocoonPrayer,Websilken Armour — Cocoon Prayer,Heal 2 wounds split among survivors in your space or adjacent spaces. Apply Snared 1.,Bonuses are granted by number of matching set pieces currently equipped. Complete bonus also injects the special ability card while the full set remains equipped.,,,,"[{""equipmentName"": ""Websilk Turban"", ""slot"": ""head"", ""itemType"": ""head"", ""sourceLocation"": ""Silk Mill"", ""sourceOriginal"": ""SILK TURBAN"", ""canonicalCraftingLocationId"": ""silkLoom"", ""canonicalCraftingLocationName"": ""Silk Loom"", ""canonicalQuarryId"": ""silkMatriarch"", ""canonicalQuarryName"": ""Silk Matriarch"", ""bodySlot"": ""head"", ""loadoutSlot"": ""armor:head"", ""slotLimitRule"": ""Only one armour item may occupy this body slot.""}, {""equipmentName"": ""Websilk Robes"", ""slot"": ""chest"", ""itemType"": ""body"", ""sourceLocation"": ""Silk Mill"", ""sourceOriginal"": ""SILK ROBES"", ""canonicalCraftingLocationId"": ""silkLoom"", ""canonicalCraftingLocationName"": ""Silk Loom"", ""canonicalQuarryId"": ""silkMatriarch"", ""canonicalQuarryName"": ""Silk Matriarch"", ""bodySlot"": ""chest"", ""loadoutSlot"": ""armor:chest"", ""slotLimitRule"": ""Only one armour item may occupy this body slot.""}, {""equipmentName"": ""Websilk Wraps"", ""slot"": ""arms"", ""itemType"": ""body"", ""sourceLocation"": ""Silk Mill"", ""sourceOriginal"": ""SILK WRAPS"", ""canonicalCraftingLocationId"": ""silkLoom"", ""canonicalCraftingLocationName"": ""Silk Loom"", ""canonicalQuarryId"": ""silkMatriarch"", ""canonicalQuarryName"": ""Silk Matriarch"", ""bodySlot"": ""arms"", ""loadoutSlot"": ""armor:arms"", ""slotLimitRule"": ""Only one armour item may occupy this body slot.""}, {""equipmentName"": ""Websilk Sash"", ""slot"": ""waist"", ""itemType"": ""body"", ""sourceLocation"": ""Silk Mill"", ""sourceOriginal"": ""SILK SASH"", ""canonicalCraftingLocationId"": ""silkLoom"", ""canonicalCraftingLocationName"": ""Silk Loom"", ""canonicalQuarryId"": ""silkMatriarch"", ""canonicalQuarryName"": ""Silk Matriarch"", ""bodySlot"": ""waist"", ""loadoutSlot"": ""armor:waist"", ""slotLimitRule"": ""Only one armour item may occupy this body slot.""}, {""equipmentName"": ""Websilk Treads"", ""slot"": ""legs"", ""itemType"": ""legs"", ""sourceLocation"": ""Silk Mill"", ""sourceOriginal"": ""SILK BOOTS"", ""canonicalCraftingLocationId"": ""silkLoom"", ""canonicalCraftingLocationName"": ""Silk Loom"", ""canonicalQuarryId"": ""silkMatriarch"", ""canonicalQuarryName"": ""Silk Matriarch"", ""bodySlot"": ""legs"", ""loadoutSlot"": ""armor:legs"", ""slotLimitRule"": ""Only one armour item may occupy this body slot.""}]",
vagabondArmour,Vagabond Armour,Settlement,mixed outsider armour,5,2,"When equipped with no duplicate weapon names, gain +1 block on your first card each round.",4,"Your second weapon's first attack each battle costs 1 less, minimum 0.",5,"Once per battle, swap one equipped weapon card from discard back into hand.",vagabondArmourVagabondArmourImprovisedPattern,Vagabond Armour — Improvised Pattern,Choose one equipped weapon. Its next card this turn gains +1 damage and +1 block.,Bonuses are granted by number of matching set pieces currently equipped. Complete bonus also injects the special ability card while the full set remains equipped.,Wandering Pattern,settlement,Settlement,"[{""equipmentName"": ""Skull Crown"", ""slot"": ""head"", ""itemType"": ""head"", ""sourceLocation"": ""Settlement"", ""sourceOriginal"": ""SKULL HELM"", ""canonicalCraftingLocationId"": ""boneSmith"", ""canonicalCraftingLocationName"": ""Bone Smith"", ""canonicalQuarryId"": """", ""canonicalQuarryName"": ""Settlement"", ""bodySlot"": ""head"", ""loadoutSlot"": ""armor:head"", ""slotLimitRule"": ""Only one armour item may occupy this body slot.""}, {""equipmentName"": ""Hard Breastplate"", ""slot"": ""chest"", ""itemType"": ""body"", ""sourceLocation"": ""Settlement"", ""sourceOriginal"": ""HARD BREASTPLATE"", ""canonicalCraftingLocationId"": ""settlement"", ""canonicalCraftingLocationName"": ""Settlement"", ""canonicalQuarryId"": """", ""canonicalQuarryName"": ""Settlement"", ""bodySlot"": ""chest"", ""loadoutSlot"": ""armor:chest"", ""slotLimitRule"": ""Only one armour item may occupy this body slot.""}, {""equipmentName"": ""Hide Bracers"", ""slot"": ""arms"", ""itemType"": ""arms"", ""sourceLocation"": ""Settlement"", ""sourceOriginal"": ""HIDE BRACERS"", ""canonicalCraftingLocationId"": ""skinnery"", ""canonicalCraftingLocationName"": ""Skinnery"", ""canonicalQuarryId"": """", ""canonicalQuarryName"": ""Settlement"", ""bodySlot"": ""arms"", ""loadoutSlot"": ""armor:arms"", ""slotLimitRule"": ""Only one armour item may occupy this body slot.""}, {""equipmentName"": ""Cloth Leggings"", ""slot"": ""waist"", ""itemType"": ""body"", ""sourceLocation"": ""Settlement"", ""sourceOriginal"": ""CLOTH LEGGINGS"", ""canonicalCraftingLocationId"": ""settlement"", ""canonicalCraftingLocationName"": ""Settlement"", ""canonicalQuarryId"": """", ""canonicalQuarryName"": ""Settlement"", ""bodySlot"": ""waist"", ""loadoutSlot"": ""armor:waist"", ""slotLimitRule"": ""Only one armour item may occupy this body slot.""}, {""equipmentName"": ""Hide Treads"", ""slot"": ""legs"", ""itemType"": ""legs"", ""sourceLocation"": ""Settlement"", ""sourceOriginal"": ""HIDE BOOTS"", ""canonicalCraftingLocationId"": ""skinnery"", ""canonicalCraftingLocationName"": ""Skinnery"", ""canonicalQuarryId"": """", ""canonicalQuarryName"": ""Settlement"", ""bodySlot"": ""legs"", ""loadoutSlot"": ""armor:legs"", ""slotLimitRule"": ""Only one armour item may occupy this body slot.""}]",Rebuilt as a mixed settlement wearable set; removed the virtual set row from the equipped-piece list.
