cardId,cardName,equipmentName,adjustment
throwingKnifeTechnique,Throwing Knife — Technique,Throwing Knife,"If this is your first card this turn, gain Guarded 1."
silverHarpTechnique,Silver Harp — Technique,Silver Harp,"If this is your first card this turn, gain Guarded 1."
amberTwinKnivesTechnique,Amber Twin Knives — Technique,Amber Twin Knives,"If this is your first card this turn, gain Guarded 1."
calcifiedJuggernautKnifeTechnique,Calcified Juggernaut Knife — Technique,Calcified Juggernaut Knife,"If the quarry is Marked, add +1 damage."
fangKnifeTechnique,Fang Knife — Technique,Fang Knife,"After resolving, cleanse Panic 1 from yourself."
daydreamKnifeTechnique,Daydream Knife — Technique,Daydream Knife,"If you have no Dodge, gain Dodge 1 after resolving."
hardenedScrapKnifeTechnique,Hardened Scrap Knife — Technique,Hardened Scrap Knife,"If you already blocked this round, draw 1 then discard 1."
lanternKnifeTechnique,Lantern Knife — Technique,Lantern Knife,"If this card deals no HP damage, apply Exposed 1."
gloomMehndiUse,Gloom Mehndi — Use,Gloom Mehndi,"If this is your first card this turn, gain Guarded 1."
pulseLanternUse,Pulse Lantern — Use,Pulse Lantern,"If the quarry is Marked, add +1 damage."
amberEdgeContingency,Amber Edge — Contingency,Amber Edge,"If this is your first card this turn, gain Guarded 1."
bugTrapContingency,Bug Trap — Contingency,Bug Trap,"If the quarry is Marked, add +1 damage."
calcifiedDiggingClawContingency,Calcified Digging Claw — Contingency,Calcified Digging Claw,"After resolving, cleanse Panic 1 from yourself."
deathSWailShowdownPhaseContingency,Death's Wail (Showdown Phase) — Contingency,Death's Wail (Showdown Phase),"If you have no Dodge, gain Dodge 1 after resolving."
eventideShowdownPhaseContingency,Eventide (Showdown Phase) — Contingency,Eventide (Showdown Phase),"If you already blocked this round, draw 1 then discard 1."
vespertineFoilContingency,Vespertine Foil — Contingency,Vespertine Foil,"If this card deals no HP damage, apply Exposed 1."
gloomSheathUse,Gloom Sheath — Use,Gloom Sheath,"If this is your first card this turn, gain Guarded 1."
shadowSalivaShawlUse,Shadow Saliva Shawl — Use,Shadow Saliva Shawl,"If the quarry is Marked, add +1 damage."
slenderOvuleUse,Slender Ovule — Use,Slender Ovule,"After resolving, cleanse Panic 1 from yourself."
bloodPaintContingency,Blood Paint — Contingency,Blood Paint,"If this is your first card this turn, gain Guarded 1."
eventideHuntPhaseContingency,Eventide (Hunt Phase) — Contingency,Eventide (Hunt Phase),"If the quarry is Marked, add +1 damage."
stoneNosesContingency,Stone Noses — Contingency,Stone Noses,"After resolving, cleanse Panic 1 from yourself."
survivorSLanternContingency,Survivor's Lantern — Contingency,Survivor's Lantern,"If you have no Dodge, gain Dodge 1 after resolving."
lanternGlaiveOpeningStrike,Lantern Glaive — Opening Strike,Lantern Glaive,"If this is your first card this turn, gain Guarded 1."
arcBowTechnique,Arc Bow — Technique,Arc Bow,"If this is your first card this turn, gain Guarded 1."
gloomCoatedArrowTechnique,Gloom-Coated Arrow — Technique,Gloom-Coated Arrow,"If the quarry is Marked, add +1 damage."
metronomeTechnique,Metronome — Technique,Metronome,"After resolving, cleanse Panic 1 from yourself."
penumbraBowTechnique,Penumbra Bow — Technique,Penumbra Bow,"If you have no Dodge, gain Dodge 1 after resolving."
rainbowKatanaTechnique,Rainbow Katana — Technique,Rainbow Katana,"If you already blocked this round, draw 1 then discard 1."
rainbowWingBeltTechnique,Rainbow Wing Belt — Technique,Rainbow Wing Belt,"If this card deals no HP damage, apply Exposed 1."
gloomDrumShowdownPhaseEcho,Gloom Drum (Showdown Phase) — Echo,Gloom Drum (Showdown Phase),"If this is your first card this turn, gain Guarded 1."
gluteHuntPhaseEcho,Glute (Hunt Phase) — Echo,Glute (Hunt Phase),"If the quarry is Marked, add +1 damage."
scrapHornShowdownPhaseEcho,Scrap Horn (Showdown Phase) — Echo,Scrap Horn (Showdown Phase),"After resolving, cleanse Panic 1 from yourself."
wailingHornsEcho,Wailing Horns — Echo,Wailing Horns,"If you have no Dodge, gain Dodge 1 after resolving."
wingedHarpHuntPhaseEcho,Winged Harp (Hunt Phase) — Echo,Winged Harp (Hunt Phase),"If you already blocked this round, draw 1 then discard 1."
fecalSalveResonance,Fecal Salve — Resonance,Fecal Salve,"If this is your first card this turn, gain Guarded 1."
fecalSalveEcho,Fecal Salve — Echo,Fecal Salve,"If this is your first card this turn, gain Guarded 1."
gluteShowdownPhaseEcho,Glute (Showdown Phase) — Echo,Glute (Showdown Phase),"If the quarry is Marked, add +1 damage."
whiskerHarpEcho,Whisker Harp — Echo,Whisker Harp,"After resolving, cleanse Panic 1 from yourself."
windingHornHuntPhaseEcho,Winding Horn (Hunt Phase) — Echo,Winding Horn (Hunt Phase),"If you have no Dodge, gain Dodge 1 after resolving."
wingedHarpShowdownPhaseEcho,Winged Harp (Showdown Phase) — Echo,Winged Harp (Showdown Phase),"If you already blocked this round, draw 1 then discard 1."
bugTrapUse,Bug Trap — Use,Bug Trap,"If this is your first card this turn, gain Guarded 1."
websilkBombUse,Websilk Bomb — Use,Websilk Bomb,"If the quarry is Marked, add +1 damage."
speedPowderUse,Speed Powder — Use,Speed Powder,"After resolving, cleanse Panic 1 from yourself."
boneAxeTechnique,Bone Axe — Technique,Bone Axe,"If this is your first card this turn, gain Guarded 1."
bonePickaxeTechnique,Bone Pickaxe — Technique,Bone Pickaxe,"If the quarry is Marked, add +1 damage."
greaterGaxeTechnique,Greater Gaxe — Technique,Greater Gaxe,"After resolving, cleanse Panic 1 from yourself."
phaseAxeTechnique,Phase Axe — Technique,Phase Axe,"If you have no Dodge, gain Dodge 1 after resolving."
blueCharmOmen,Blue Charm — Omen,Blue Charm,"If this is your first card this turn, gain Guarded 1."
boneEarringsOmen,Bone Earrings — Omen,Bone Earrings,"If the quarry is Marked, add +1 damage."
catEyeCircletOmen,Cat Eye Circlet — Omen,Cat Eye Circlet,"After resolving, cleanse Panic 1 from yourself."
crestCrownOmen,Crest Crown — Omen,Crest Crown,"If you have no Dodge, gain Dodge 1 after resolving."
dBKErrantBadgeOmen,D.B.K. Errant Badge — Omen,D.B.K. Errant Badge,"If you already blocked this round, draw 1 then discard 1."
godVisageOmen,God Visage — Omen,God Visage,"If this card deals no HP damage, apply Exposed 1."
greenCharmOmen,Green Charm — Omen,Green Charm,"If played as your second card this turn, reduce your next card cost by 1."
greenRingOmen,Green Ring — Omen,Green Ring,"If this is your first card this turn, gain Guarded 1."
hideVisageOmen,Hide Visage — Omen,Hide Visage,"If the quarry is Marked, add +1 damage."
luckyCharmOmen,Lucky Charm — Omen,Lucky Charm,"After resolving, cleanse Panic 1 from yourself."
manVisageOmen,Man Visage — Omen,Man Visage,"If you have no Dodge, gain Dodge 1 after resolving."
phoenixVisageOmen,Phoenix Visage — Omen,Phoenix Visage,"If you already blocked this round, draw 1 then discard 1."
redCharmOmen,Red Charm — Omen,Red Charm,"If this card deals no HP damage, apply Exposed 1."
redRingOmen,Red Ring — Omen,Red Ring,"If played as your second card this turn, reduce your next card cost by 1."
scarabCircletOmen,Scarab Circlet — Omen,Scarab Circlet,"If this is your first card this turn, gain Guarded 1."
deathVisageGlimmer,Death Visage — Glimmer,Death Visage,"If this is your first card this turn, gain Guarded 1."
godVisageGlimmer,God Visage — Glimmer,God Visage,"If the quarry is Marked, add +1 damage."
bloodCrownFittedPlate,Blood Crown — Fitted Plate,Blood Crown,"If this is your first card this turn, gain Guarded 1."
calcifiedGreavesFittedPlate,Calcified Greaves — Fitted Plate,Calcified Greaves,"If the quarry is Marked, add +1 damage."
clothBracersFittedPlate,Cloth Bracers — Fitted Plate,Cloth Bracers,"After resolving, cleanse Panic 1 from yourself."
cycloidScaleShoesFittedPlate,Cycloid Scale Shoes — Fitted Plate,Cycloid Scale Shoes,"If you have no Dodge, gain Dodge 1 after resolving."
websilkenArmorSetSetline,Websilken Armor Set — Setline,Websilken Armor Set,"If you already blocked this round, draw 1 then discard 1."
gloomDrumHuntPhaseEcho,Gloom Drum (Hunt Phase) — Echo,Gloom Drum (Hunt Phase),"If this is your first card this turn, gain Guarded 1."
stitchedHideDrumEcho,Stitched Hide Drum — Echo,Stitched Hide Drum,"If the quarry is Marked, add +1 damage."
scrapHornHuntPhaseEcho,Scrap Horn (Hunt Phase) — Echo,Scrap Horn (Hunt Phase),"After resolving, cleanse Panic 1 from yourself."
windingHornShowdownPhaseEcho,Winding Horn (Showdown Phase) — Echo,Winding Horn (Showdown Phase),"If you have no Dodge, gain Dodge 1 after resolving."
roundHideGuardShieldWall,Round Hide Guard — Shield Wall,Round Hide Guard,"If this is your first card this turn, gain Guarded 1."
blastGuardAnsweringBash,Blast Guard — Answering Bash,Blast Guard,"If this is your first card this turn, gain Guarded 1."
featherGuardAnsweringBash,Feather Guard — Answering Bash,Feather Guard,"If the quarry is Marked, add +1 damage."
calcifiedBoneKnifeOpeningCut,Calcified Bone Knife — Opening Cut,Calcified Bone Knife,"If this is your first card this turn, gain Guarded 1."
denseBoneArrowsOpeningStrike,Dense Bone Arrows — Opening Strike,Dense Bone Arrows,"If the quarry is Marked, add +1 damage."
monsterToothNecklaceOpeningStrike,Monster Tooth Necklace — Opening Strike,Monster Tooth Necklace,"After resolving, cleanse Panic 1 from yourself."
monsterToothNecklaceTechnique,Monster Tooth Necklace — Technique,Monster Tooth Necklace,"If this is your first card this turn, gain Guarded 1."
bloodPaintUse,Blood Paint — Use,Blood Paint,"If this is your first card this turn, gain Guarded 1."
eventideHuntPhaseUse,Eventide (Hunt Phase) — Use,Eventide (Hunt Phase),"If the quarry is Marked, add +1 damage."
survivorSLanternUse,Survivor's Lantern — Use,Survivor's Lantern,"After resolving, cleanse Panic 1 from yourself."
tromBoneHuntPhaseUse,Trom Bone (Hunt Phase) — Use,Trom Bone (Hunt Phase),"If you have no Dodge, gain Dodge 1 after resolving."
driedAcanthusContingency,Dried Acanthus — Contingency,Dried Acanthus,"If this is your first card this turn, gain Guarded 1."
featherMantleContingency,Feather Mantle — Contingency,Feather Mantle,"If the quarry is Marked, add +1 damage."
frenzyDrinkContingency,Frenzy Drink — Contingency,Frenzy Drink,"After resolving, cleanse Panic 1 from yourself."
hunterSRoarShowdownPhaseContingency,Hunter's Roar (Showdown Phase) — Contingency,Hunter's Roar (Showdown Phase),"If you have no Dodge, gain Dodge 1 after resolving."
seasonedMonsterMeatContingency,Seasoned Monster Meat — Contingency,Seasoned Monster Meat,"If you already blocked this round, draw 1 then discard 1."
slenderOvuleContingency,Slender Ovule — Contingency,Slender Ovule,"If this card deals no HP damage, apply Exposed 1."
bloodSheathUse,Blood Sheath — Use,Blood Sheath,"If this is your first card this turn, gain Guarded 1."
eventideShowdownPhaseUse,Eventide (Showdown Phase) — Use,Eventide (Showdown Phase),"If the quarry is Marked, add +1 damage."
monsterGreaseUse,Monster Grease — Use,Monster Grease,"After resolving, cleanse Panic 1 from yourself."
tromBoneShowdownPhaseUse,Trom Bone (Showdown Phase) — Use,Trom Bone (Showdown Phase),"If you have no Dodge, gain Dodge 1 after resolving."
brainMintContingency,Brain Mint — Contingency,Brain Mint,"If this is your first card this turn, gain Guarded 1."
deathSWailHuntPhaseContingency,Death's Wail (Hunt Phase) — Contingency,Death's Wail (Hunt Phase),"If the quarry is Marked, add +1 damage."
lanternGongHuntPhaseContingency,Lantern Gong (Hunt Phase) — Contingency,Lantern Gong (Hunt Phase),"After resolving, cleanse Panic 1 from yourself."
sanguinePeeContingency,Sanguine Épee — Contingency,Sanguine Épee,"If you have no Dodge, gain Dodge 1 after resolving."
tromBoneShowdownPhaseContingency,Trom Bone (Showdown Phase) — Contingency,Trom Bone (Showdown Phase),"If you already blocked this round, draw 1 then discard 1."
bloomSphereUse,Bloom Sphere — Use,Bloom Sphere,"If this is your first card this turn, gain Guarded 1."
bossMehndiContingency,Boss Mehndi — Contingency,Boss Mehndi,"If this is your first card this turn, gain Guarded 1."
lanternGongShowdownPhaseContingency,Lantern Gong (Showdown Phase) — Contingency,Lantern Gong (Showdown Phase),"If the quarry is Marked, add +1 damage."
clothLeggingsFittedPlate,Cloth Leggings — Fitted Plate,Cloth Leggings,"If this is your first card this turn, gain Guarded 1."
furMantleFittedPlate,Fur Mantle — Fitted Plate,Fur Mantle,"If the quarry is Marked, add +1 damage."
lanternCuirassFittedPlate,Lantern Cuirass — Fitted Plate,Lantern Cuirass,"After resolving, cleanse Panic 1 from yourself."
lanternCrownFittedPlate,Lantern Crown — Fitted Plate,Lantern Crown,"If you have no Dodge, gain Dodge 1 after resolving."
hideBracersFittedPlate,Hide Bracers — Fitted Plate,Hide Bracers,"If you already blocked this round, draw 1 then discard 1."
phoenixArmorSetSetline,Phoenix Armor Set — Setline,Phoenix Armor Set,"If this card deals no HP damage, apply Exposed 1."
phoenixGreavesFittedPlate,Phoenix Greaves — Fitted Plate,Phoenix Greaves,"If played as your second card this turn, reduce your next card cost by 1."
shadowFurTreadsFittedPlate,Shadow Fur Treads — Fitted Plate,Shadow Fur Treads,"If this is your first card this turn, gain Guarded 1."
paleHunterArmorSetSetline,Pale Hunter Armor Set — Setline,Pale Hunter Armor Set,"If the quarry is Marked, add +1 damage."
paleHunterTreadsFittedPlate,Pale Hunter Treads — Fitted Plate,Pale Hunter Treads,"After resolving, cleanse Panic 1 from yourself."
calcifiedGramberBladeOpeningCut,Calcified Gramber Blade — Opening Cut,Calcified Gramber Blade,"If this is your first card this turn, gain Guarded 1."
ribBladeOpeningCut,Rib Blade — Opening Cut,Rib Blade,"If the quarry is Marked, add +1 damage."
skyHarpoonOpeningStrike,Sky Harpoon — Opening Strike,Sky Harpoon,"After resolving, cleanse Panic 1 from yourself."
zanbatoOpeningStrike,Zanbato — Opening Strike,Zanbato,"If you have no Dodge, gain Dodge 1 after resolving."
calcifiedGramberBladeTechnique,Calcified Gramber Blade — Technique,Calcified Gramber Blade,"If this is your first card this turn, gain Guarded 1."
gramberBladeTechnique,Gramber Blade — Technique,Gramber Blade,"If the quarry is Marked, add +1 damage."
ribBladeTechnique,Rib Blade — Technique,Rib Blade,"After resolving, cleanse Panic 1 from yourself."
crimsonRoseUse,Crimson Rose — Use,Crimson Rose,"If this is your first card this turn, gain Guarded 1."
gloomBraceletsUse,Gloom Bracelets — Use,Gloom Bracelets,"If the quarry is Marked, add +1 damage."
gloomBraceletsContingency,Gloom Bracelets — Contingency,Gloom Bracelets,"If this is your first card this turn, gain Guarded 1."
gloomMehndiContingency,Gloom Mehndi — Contingency,Gloom Mehndi,"If the quarry is Marked, add +1 damage."
pulseLanternContingency,Pulse Lantern — Contingency,Pulse Lantern,"After resolving, cleanse Panic 1 from yourself."
websilkBombContingency,Websilk Bomb — Contingency,Websilk Bomb,"If you have no Dodge, gain Dodge 1 after resolving."
speedPowderContingency,Speed Powder — Contingency,Speed Powder,"If you already blocked this round, draw 1 then discard 1."
theThreeContingency,The Three — Contingency,The Three,"If this card deals no HP damage, apply Exposed 1."
clothBracersBrace,Cloth Bracers — Brace,Cloth Bracers,"If this is your first card this turn, gain Guarded 1."
boneDartsBrokenContingency,Bone Darts (Broken) — Contingency,Bone Darts (Broken),"If this is your first card this turn, gain Guarded 1."
darkWaterVialContingency,Dark Water Vial — Contingency,Dark Water Vial,"If the quarry is Marked, add +1 damage."
fingerOfGodContingency,Finger of God — Contingency,Finger of God,"After resolving, cleanse Panic 1 from yourself."
gloomSheathContingency,Gloom Sheath — Contingency,Gloom Sheath,"If you have no Dodge, gain Dodge 1 after resolving."
gornContingency,Gorn — Contingency,Gorn,"If you already blocked this round, draw 1 then discard 1."
ignisFatuusContingency,Ignis Fatuus — Contingency,Ignis Fatuus,"If this card deals no HP damage, apply Exposed 1."
inkBagpipesShowdownPhaseContingency,Ink Bagpipes (Showdown Phase) — Contingency,Ink Bagpipes (Showdown Phase),"If played as your second card this turn, reduce your next card cost by 1."
monsterGreaseContingency,Monster Grease — Contingency,Monster Grease,"If this is your first card this turn, gain Guarded 1."
chentuContingency,Chentu — Contingency,Chentu,"If this is your first card this turn, gain Guarded 1."
fangedDustersContingency,Fanged Dusters — Contingency,Fanged Dusters,"If the quarry is Marked, add +1 damage."
inkBagpipesHuntPhaseContingency,Ink Bagpipes (Hunt Phase) — Contingency,Ink Bagpipes (Hunt Phase),"After resolving, cleanse Panic 1 from yourself."
hunterSRoarHuntPhaseContingency,Hunter's Roar (Hunt Phase) — Contingency,Hunter's Roar (Hunt Phase),"If you have no Dodge, gain Dodge 1 after resolving."
deathVisageOmen,Death Visage — Omen,Death Visage,"If this is your first card this turn, gain Guarded 1."
quiverAndNoonStringOmen,Quiver & Noon String — Omen,Quiver & Noon String,"If the quarry is Marked, add +1 damage."
redPowerCoreOmen,Red Power Core — Omen,Red Power Core,"After resolving, cleanse Panic 1 from yourself."
redPowerCoreGlimmer,Red Power Core — Glimmer,Red Power Core,"If this is your first card this turn, gain Guarded 1."
manVisageGlimmer,Man Visage — Glimmer,Man Visage,"If this is your first card this turn, gain Guarded 1."
phoenixVisageGlimmer,Phoenix Visage — Glimmer,Phoenix Visage,"If the quarry is Marked, add +1 damage."
redRingGlimmer,Red Ring — Glimmer,Red Ring,"After resolving, cleanse Panic 1 from yourself."
roseKnightBadgeGlimmer,Rose Knight Badge — Glimmer,Rose Knight Badge,"If you have no Dodge, gain Dodge 1 after resolving."
spiderVisageGlimmer,Spider Visage — Glimmer,Spider Visage,"If you already blocked this round, draw 1 then discard 1."
soothingWhipOpeningStrike,Soothing Whip — Opening Strike,Soothing Whip,"If this is your first card this turn, gain Guarded 1."
denticleAxeTechnique,Denticle Axe — Technique,Denticle Axe,"If this is your first card this turn, gain Guarded 1."
shaxeTechnique,Shaxe — Technique,Shaxe,"If the quarry is Marked, add +1 damage."
oxidizedLanternBladeTechnique,Oxidized Lantern Blade — Technique,Oxidized Lantern Blade,"If this is your first card this turn, gain Guarded 1."
hollowBladeTechnique,Hollow Blade — Technique,Hollow Blade,"If this is your first card this turn, gain Guarded 1."
inkBladeTechnique,Ink Blade — Technique,Ink Blade,"If the quarry is Marked, add +1 damage."
lanternBladeTechnique,Lantern Blade — Technique,Lantern Blade,"After resolving, cleanse Panic 1 from yourself."
scrapBladeTechnique,Scrap Blade — Technique,Scrap Blade,"If you have no Dodge, gain Dodge 1 after resolving."
bladeAndGuardTechnique,Blade & Guard — Technique,Blade & Guard,"If you already blocked this round, draw 1 then discard 1."
lanceOfLonginusOpeningStrike,Lance of Longinus — Opening Strike,Lance of Longinus,"If this is your first card this turn, gain Guarded 1."
scoopyClubTechnique,Scoopy Club — Technique,Scoopy Club,"If this is your first card this turn, gain Guarded 1."
catgutBowOpeningStrike,Catgut Bow — Opening Strike,Catgut Bow,"If this is your first card this turn, gain Guarded 1."
elderFangKnifeOpeningCut,Elder Fang Knife — Opening Cut,Elder Fang Knife,"If the quarry is Marked, add +1 damage."
oxidizedLanternKnifeOpeningCut,Oxidized Lantern Knife — Opening Cut,Oxidized Lantern Knife,"After resolving, cleanse Panic 1 from yourself."
ringWhipOpeningStrike,Ring Whip — Opening Strike,Ring Whip,"If you have no Dodge, gain Dodge 1 after resolving."
calcifiedBoneKnifeTechnique,Calcified Bone Knife — Technique,Calcified Bone Knife,"If this is your first card this turn, gain Guarded 1."
oxidizedLanternKnifeTechnique,Oxidized Lantern Knife — Technique,Oxidized Lantern Knife,"If the quarry is Marked, add +1 damage."
scrapKnifeTechnique,Scrap Knife — Technique,Scrap Knife,"After resolving, cleanse Panic 1 from yourself."
lanternBladeOpeningCut,Lantern Blade — Opening Cut,Lantern Blade,"If this is your first card this turn, gain Guarded 1."
skullcapHammerOpeningStrike,Skullcap Hammer — Opening Strike,Skullcap Hammer,"If the quarry is Marked, add +1 damage."
clawHeadArrowTechnique,Claw Head Arrow — Technique,Claw Head Arrow,"If this is your first card this turn, gain Guarded 1."
sonicTomahawkTechnique,Sonic Tomahawk — Technique,Sonic Tomahawk,"If the quarry is Marked, add +1 damage."
gornUse,Gorn — Use,Gorn,"If this is your first card this turn, gain Guarded 1."
calcifiedJuggernautKnifeOpeningCut,Calcified Juggernaut Knife — Opening Cut,Calcified Juggernaut Knife,"If this is your first card this turn, gain Guarded 1."
gloomCoatedArrowOpeningStrike,Gloom-Coated Arrow — Opening Strike,Gloom-Coated Arrow,"If the quarry is Marked, add +1 damage."
lanternGongShowdownPhaseUse,Lantern Gong (Showdown Phase) — Use,Lantern Gong (Showdown Phase),"If this is your first card this turn, gain Guarded 1."
muskBombUse,Musk Bomb — Use,Musk Bomb,"If this is your first card this turn, gain Guarded 1."
darkWaterVialUse,Dark Water Vial — Use,Dark Water Vial,"If this is your first card this turn, gain Guarded 1."
raptorWormCollarUse,Raptor-Worm Collar — Use,Raptor-Worm Collar,"If the quarry is Marked, add +1 damage."
theThreeUse,The Three — Use,The Three,"After resolving, cleanse Panic 1 from yourself."
vespertineFoilUse,Vespertine Foil — Use,Vespertine Foil,"If you have no Dodge, gain Dodge 1 after resolving."
centuryGreavesFittedPlate,Century Greaves — Fitted Plate,Century Greaves,"If this is your first card this turn, gain Guarded 1."
cycloidScaleSleevesFittedPlate,Cycloid Scale Sleeves — Fitted Plate,Cycloid Scale Sleeves,"If the quarry is Marked, add +1 damage."
fetosaurusFittedPlate,Fetosaurus — Fitted Plate,Fetosaurus,"After resolving, cleanse Panic 1 from yourself."
greenPlateFittedPlate,Green Plate — Fitted Plate,Green Plate,"If you have no Dodge, gain Dodge 1 after resolving."
websilkRobesFittedPlate,Websilk Robes — Fitted Plate,Websilk Robes,"If you already blocked this round, draw 1 then discard 1."
perfectSlayerOpeningStrike,Perfect Slayer — Opening Strike,Perfect Slayer,"If this is your first card this turn, gain Guarded 1."
zanbatoBrokenTechnique,Zanbato (Broken) — Technique,Zanbato (Broken),"If this is your first card this turn, gain Guarded 1."
paleHunterVisageGlimmer,Pale Hunter Visage — Glimmer,Pale Hunter Visage,"If this is your first card this turn, gain Guarded 1."
daydreamKnifeOpeningCut,Daydream Knife — Opening Cut,Daydream Knife,"If this is your first card this turn, gain Guarded 1."
hookedClawKnifeOpeningCut,Hooked Claw Knife — Opening Cut,Hooked Claw Knife,"If the quarry is Marked, add +1 damage."
nightmareQuiverOpeningStrike,Nightmare Quiver — Opening Strike,Nightmare Quiver,"After resolving, cleanse Panic 1 from yourself."
penumbraBowOpeningStrike,Penumbra Bow — Opening Strike,Penumbra Bow,"If you have no Dodge, gain Dodge 1 after resolving."
denseBoneArrowsTechnique,Dense Bone Arrows — Technique,Dense Bone Arrows,"If this is your first card this turn, gain Guarded 1."
hollowpointArrowTechnique,Hollowpoint Arrow — Technique,Hollowpoint Arrow,"If the quarry is Marked, add +1 damage."
fetosaurusBrace,Fetosaurus — Brace,Fetosaurus,"If this is your first card this turn, gain Guarded 1."
greenPlateBrace,Green Plate — Brace,Green Plate,"If the quarry is Marked, add +1 damage."
clothGaloshesFittedPlate,Cloth Galoshes — Fitted Plate,Cloth Galoshes,"If this is your first card this turn, gain Guarded 1."
cycloidScaleSkirtFittedPlate,Cycloid Scale Skirt — Fitted Plate,Cycloid Scale Skirt,"If the quarry is Marked, add +1 damage."
gormentTreadsFittedPlate,Gorment Treads — Fitted Plate,Gorment Treads,"After resolving, cleanse Panic 1 from yourself."
gormentSleevesFittedPlate,Gorment Sleeves — Fitted Plate,Gorment Sleeves,"If you have no Dodge, gain Dodge 1 after resolving."
greenTreadsFittedPlate,Green Treads — Fitted Plate,Green Treads,"If you already blocked this round, draw 1 then discard 1."
greenKnightArmorSetSetline,Green Knight Armor Set — Setline,Green Knight Armor Set,"If this card deals no HP damage, apply Exposed 1."
rollingArmorSetSetline,Rolling Armor Set — Setline,Rolling Armor Set,"If played as your second card this turn, reduce your next card cost by 1."
websilkTreadsFittedPlate,Websilk Treads — Fitted Plate,Websilk Treads,"If this is your first card this turn, gain Guarded 1."
websilkSashFittedPlate,Websilk Sash — Fitted Plate,Websilk Sash,"If the quarry is Marked, add +1 damage."
hunterSRoarHuntPhaseUse,Hunter's Roar (Hunt Phase) — Use,Hunter's Roar (Hunt Phase),"If this is your first card this turn, gain Guarded 1."
cycloidScaleJacketFittedPlate,Cycloid Scale Jacket — Fitted Plate,Cycloid Scale Jacket,"If this is your first card this turn, gain Guarded 1."
rubberBoneHarnessFittedPlate,Rubber Bone Harness — Fitted Plate,Rubber Bone Harness,"If the quarry is Marked, add +1 damage."
websilkWrapsFittedPlate,Websilk Wraps — Fitted Plate,Websilk Wraps,"After resolving, cleanse Panic 1 from yourself."
greenTreadsBrace,Green Treads — Brace,Green Treads,"If this is your first card this turn, gain Guarded 1."
hardBreastplateBrace,Hard Breastplate — Brace,Hard Breastplate,"If the quarry is Marked, add +1 damage."
hideSkirtBrace,Hide Skirt — Brace,Hide Skirt,"After resolving, cleanse Panic 1 from yourself."
lanternCrownBrace,Lantern Crown — Brace,Lantern Crown,"If this is your first card this turn, gain Guarded 1."
greenFauldsBrace,Green Faulds — Brace,Green Faulds,"If this is your first card this turn, gain Guarded 1."
clothTurbanFittedPlate,Cloth Turban — Fitted Plate,Cloth Turban,"If this is your first card this turn, gain Guarded 1."
cycloidScaleHoodFittedPlate,Cycloid Scale Hood — Fitted Plate,Cycloid Scale Hood,"If the quarry is Marked, add +1 damage."
gormentArmorSetSetline,Gorment Armor Set — Setline,Gorment Armor Set,"After resolving, cleanse Panic 1 from yourself."
greenFauldsFittedPlate,Green Faulds — Fitted Plate,Green Faulds,"If you have no Dodge, gain Dodge 1 after resolving."
greenCrownFittedPlate,Green Crown — Fitted Plate,Green Crown,"If you already blocked this round, draw 1 then discard 1."
websilkArmorSetSetline,Websilk Armor Set — Setline,Websilk Armor Set,"If this card deals no HP damage, apply Exposed 1."
furLegWarmersBrace,Fur Leg Warmers — Brace,Fur Leg Warmers,"If this is your first card this turn, gain Guarded 1."
greenGlovesBrace,Green Gloves — Brace,Green Gloves,"If the quarry is Marked, add +1 damage."
wailingCoatBrace,Wailing Coat — Brace,Wailing Coat,"After resolving, cleanse Panic 1 from yourself."
cycloidScaleArmorSetSetline,Cycloid Scale Armor Set — Setline,Cycloid Scale Armor Set,"If this is your first card this turn, gain Guarded 1."
gormentSuitFittedPlate,Gorment Suit — Fitted Plate,Gorment Suit,"If the quarry is Marked, add +1 damage."
greenGlovesFittedPlate,Green Gloves — Fitted Plate,Green Gloves,"After resolving, cleanse Panic 1 from yourself."
griswaldoFittedPlate,Griswaldo — Fitted Plate,Griswaldo,"If you have no Dodge, gain Dodge 1 after resolving."
regenerationSuitFittedPlate,Regeneration Suit — Fitted Plate,Regeneration Suit,"If you already blocked this round, draw 1 then discard 1."
websilkBodySuitFittedPlate,Websilk Body Suit — Fitted Plate,Websilk Body Suit,"If this card deals no HP damage, apply Exposed 1."
websilkTurbanFittedPlate,Websilk Turban — Fitted Plate,Websilk Turban,"If played as your second card this turn, reduce your next card cost by 1."
furMantleBrace,Fur Mantle — Brace,Fur Mantle,"If this is your first card this turn, gain Guarded 1."
greenCrownBrace,Green Crown — Brace,Green Crown,"If the quarry is Marked, add +1 damage."
inkBladeOpeningCut,Ink Blade — Opening Cut,Ink Blade,"If this is your first card this turn, gain Guarded 1."
oxidizedLanternBladeOpeningCut,Oxidized Lantern Blade — Opening Cut,Oxidized Lantern Blade,"If the quarry is Marked, add +1 damage."
throwingKnifeOpeningStrike,Throwing Knife — Opening Strike,Throwing Knife,"After resolving, cleanse Panic 1 from yourself."
satchelContingency,Satchel — Contingency,Satchel,"If this is your first card this turn, gain Guarded 1."
noonLureAndHookContingency,Noon Lure & Hook — Contingency,Noon Lure & Hook,"If the quarry is Marked, add +1 damage."
griswaldoBrace,Griswaldo — Brace,Griswaldo,"If this is your first card this turn, gain Guarded 1."
stitchedHideTreadsBrace,Stitched Hide Treads — Brace,Stitched Hide Treads,"If the quarry is Marked, add +1 damage."
stitchedHideHeadbandBrace,Stitched Hide Headband — Brace,Stitched Hide Headband,"If this is your first card this turn, gain Guarded 1."
shadowFurGlovesBrace,Shadow Fur Gloves — Brace,Shadow Fur Gloves,"If the quarry is Marked, add +1 damage."
stitchedHidePantsBrace,Stitched Hide Pants — Brace,Stitched Hide Pants,"If this is your first card this turn, gain Guarded 1."
tabardBrace,Tabard — Brace,Tabard,"If the quarry is Marked, add +1 damage."
gormentArmorSetBrace,Gorment Armor Set — Brace,Gorment Armor Set,"If this is your first card this turn, gain Guarded 1."
stitchedHideVestBrace,Stitched Hide Vest — Brace,Stitched Hide Vest,"If the quarry is Marked, add +1 damage."
redCharmGlimmer,Red Charm — Glimmer,Red Charm,"If this is your first card this turn, gain Guarded 1."
scarabCircletGlimmer,Scarab Circlet — Glimmer,Scarab Circlet,"If the quarry is Marked, add +1 damage."
sanguinePeeUse,Sanguine Épee — Use,Sanguine Épee,"If this is your first card this turn, gain Guarded 1."
satchelUse,Satchel — Use,Satchel,"If this is your first card this turn, gain Guarded 1."
skleaverUse,Skleaver — Use,Skleaver,"If the quarry is Marked, add +1 damage."
xmaxeOpeningStrike,Xmaxe — Opening Strike,Xmaxe,"If this is your first card this turn, gain Guarded 1."
lanternCuirassBrace,Lantern Cuirass — Brace,Lantern Cuirass,"If this is your first card this turn, gain Guarded 1."
emberDrakeMantleFittedPlate,Ember Drake Mantle — Fitted Plate,Ember Drake Mantle,"If this is your first card this turn, gain Guarded 1."
noonsharkArrowsTechnique,Noonshark Arrows — Technique,Noonshark Arrows,"If this is your first card this turn, gain Guarded 1."
noonspotDartTechnique,Noonspot Dart — Technique,Noonspot Dart,"If the quarry is Marked, add +1 damage."
vespertineBowTechnique,Vespertine Bow — Technique,Vespertine Bow,"After resolving, cleanse Panic 1 from yourself."
emberDrakeGlovesFittedPlate,Ember Drake Gloves — Fitted Plate,Ember Drake Gloves,"If this is your first card this turn, gain Guarded 1."
inkBloodBowTechnique,Ink Blood Bow — Technique,Ink Blood Bow,"If this is your first card this turn, gain Guarded 1."
nightmareQuiverTechnique,Nightmare Quiver — Technique,Nightmare Quiver,"If the quarry is Marked, add +1 damage."
rainbowKatanaBrokenTechnique,Rainbow Katana (Broken) — Technique,Rainbow Katana (Broken),"After resolving, cleanse Panic 1 from yourself."
noonsharkBowTechnique,Noonshark Bow — Technique,Noonshark Bow,"If you have no Dodge, gain Dodge 1 after resolving."
vespertineArrowTechnique,Vespertine Arrow — Technique,Vespertine Arrow,"If you already blocked this round, draw 1 then discard 1."
jackOLanternUse,Jack O' Lantern — Use,Jack O' Lantern,"If this is your first card this turn, gain Guarded 1."
hunterSRoarShowdownPhaseUse,Hunter's Roar (Showdown Phase) — Use,Hunter's Roar (Showdown Phase),"If the quarry is Marked, add +1 damage."
seasonedMonsterMeatUse,Seasoned Monster Meat — Use,Seasoned Monster Meat,"After resolving, cleanse Panic 1 from yourself."
beetleBombUse,Beetle Bomb — Use,Beetle Bomb,"If you have no Dodge, gain Dodge 1 after resolving."
greenRingGlimmer,Green Ring — Glimmer,Green Ring,"If this is your first card this turn, gain Guarded 1."
inkBagpipesHuntPhaseUse,Ink Bagpipes (Hunt Phase) — Use,Ink Bagpipes (Hunt Phase),"If this is your first card this turn, gain Guarded 1."
scrapGuardShieldWall,Scrap Guard — Shield Wall,Scrap Guard,"If this is your first card this turn, gain Guarded 1."
lanternGongHuntPhaseUse,Lantern Gong (Hunt Phase) — Use,Lantern Gong (Hunt Phase),"If this is your first card this turn, gain Guarded 1."
noonspotLanternUse,Noonspot Lantern — Use,Noonspot Lantern,"If the quarry is Marked, add +1 damage."
vespertineCelloResonance,Vespertine Cello — Resonance,Vespertine Cello,"If this is your first card this turn, gain Guarded 1."
windingHornShowdownPhaseWarCall,Winding Horn (Showdown Phase) — War Call,Winding Horn (Showdown Phase),"If the quarry is Marked, add +1 damage."
nuclearFluteHuntPhaseEcho,Nuclear Flute (Hunt Phase) — Echo,Nuclear Flute (Hunt Phase),"If this is your first card this turn, gain Guarded 1."
sanguineCelloEcho,Sanguine Cello — Echo,Sanguine Cello,"If the quarry is Marked, add +1 damage."
vespertineCelloEcho,Vespertine Cello — Echo,Vespertine Cello,"After resolving, cleanse Panic 1 from yourself."
wailingArmorSetBrace,Wailing Armor Set — Brace,Wailing Armor Set,"If this is your first card this turn, gain Guarded 1."
stitchedHideVestFittedPlate,Stitched Hide Vest — Fitted Plate,Stitched Hide Vest,"If this is your first card this turn, gain Guarded 1."
wailingArmorSetSetline,Wailing Armor Set — Setline,Wailing Armor Set,"If the quarry is Marked, add +1 damage."
shadowFurKiltFittedPlate,Shadow Fur Kilt — Fitted Plate,Shadow Fur Kilt,"After resolving, cleanse Panic 1 from yourself."
heavySkullCrownBrace,Heavy Skull Crown — Brace,Heavy Skull Crown,"If this is your first card this turn, gain Guarded 1."
hunterHeaddressBrace,Hunter Headdress — Brace,Hunter Headdress,"If the quarry is Marked, add +1 damage."
wailingBracersBrace,Wailing Bracers — Brace,Wailing Bracers,"After resolving, cleanse Panic 1 from yourself."
heavySkullCrownFittedPlate,Heavy Skull Crown — Fitted Plate,Heavy Skull Crown,"If this is your first card this turn, gain Guarded 1."
hunterHeaddressFittedPlate,Hunter Headdress — Fitted Plate,Hunter Headdress,"If the quarry is Marked, add +1 damage."
wailingBracersFittedPlate,Wailing Bracers — Fitted Plate,Wailing Bracers,"After resolving, cleanse Panic 1 from yourself."
lanternArmorSetSetline,Lantern Armor Set — Setline,Lantern Armor Set,"If this is your first card this turn, gain Guarded 1."
hideTreadsFittedPlate,Hide Treads — Fitted Plate,Hide Treads,"If the quarry is Marked, add +1 damage."
hideCuirassFittedPlate,Hide Cuirass — Fitted Plate,Hide Cuirass,"After resolving, cleanse Panic 1 from yourself."
hunterSkinCloakFittedPlate,Hunter Skin Cloak — Fitted Plate,Hunter Skin Cloak,"If you have no Dodge, gain Dodge 1 after resolving."
oxidizedLanternCrownFittedPlate,Oxidized Lantern Crown — Fitted Plate,Oxidized Lantern Crown,"If you already blocked this round, draw 1 then discard 1."
phoenixGlovesFittedPlate,Phoenix Gloves — Fitted Plate,Phoenix Gloves,"If this card deals no HP damage, apply Exposed 1."
phoenixCrownFittedPlate,Phoenix Crown — Fitted Plate,Phoenix Crown,"If played as your second card this turn, reduce your next card cost by 1."
stitchedHideTreadsFittedPlate,Stitched Hide Treads — Fitted Plate,Stitched Hide Treads,"If this is your first card this turn, gain Guarded 1."
stitchedHideGlovesFittedPlate,Stitched Hide Gloves — Fitted Plate,Stitched Hide Gloves,"If the quarry is Marked, add +1 damage."
wailingCoatFittedPlate,Wailing Coat — Fitted Plate,Wailing Coat,"After resolving, cleanse Panic 1 from yourself."
shadowFurCoatFittedPlate,Shadow Fur Coat — Fitted Plate,Shadow Fur Coat,"If you have no Dodge, gain Dodge 1 after resolving."
vagabondArmorSetSetline,Vagabond Armor Set — Setline,Vagabond Armor Set,"If you already blocked this round, draw 1 then discard 1."
paleHunterCrownFittedPlate,Pale Hunter Crown — Fitted Plate,Pale Hunter Crown,"If this card deals no HP damage, apply Exposed 1."
paleHunterSkirtFittedPlate,Pale Hunter Skirt — Fitted Plate,Pale Hunter Skirt,"If played as your second card this turn, reduce your next card cost by 1."
greenKnightArmorSetBrace,Green Knight Armor Set — Brace,Green Knight Armor Set,"If this is your first card this turn, gain Guarded 1."
wailingLegWarmersBrace,Wailing Leg Warmers — Brace,Wailing Leg Warmers,"If the quarry is Marked, add +1 damage."
websilkTreadsBrace,Websilk Treads — Brace,Websilk Treads,"After resolving, cleanse Panic 1 from yourself."
hardBreastplateFittedPlate,Hard Breastplate — Fitted Plate,Hard Breastplate,"If this is your first card this turn, gain Guarded 1."
lanternGreavesFittedPlate,Lantern Greaves — Fitted Plate,Lantern Greaves,"If the quarry is Marked, add +1 damage."
lanternMailFittedPlate,Lantern Mail — Fitted Plate,Lantern Mail,"After resolving, cleanse Panic 1 from yourself."
hideArmorSetSetline,Hide Armor Set — Setline,Hide Armor Set,"If you have no Dodge, gain Dodge 1 after resolving."
hideSkirtFittedPlate,Hide Skirt — Fitted Plate,Hide Skirt,"If you already blocked this round, draw 1 then discard 1."
phoenixArmorSetVariantSetline,Phoenix Armor Set (Variant) — Setline,Phoenix Armor Set (Variant),"If this card deals no HP damage, apply Exposed 1."
phoenixGauntletFittedPlate,Phoenix Gauntlet — Fitted Plate,Phoenix Gauntlet,"If played as your second card this turn, reduce your next card cost by 1."
phoenixPlackartFittedPlate,Phoenix Plackart — Fitted Plate,Phoenix Plackart,"If this is your first card this turn, gain Guarded 1."
stitchedHideArmorSetSetline,Stitched Hide Armor Set — Setline,Stitched Hide Armor Set,"If the quarry is Marked, add +1 damage."
stitchedHidePantsFittedPlate,Stitched Hide Pants — Fitted Plate,Stitched Hide Pants,"After resolving, cleanse Panic 1 from yourself."
wailingLegWarmersFittedPlate,Wailing Leg Warmers — Fitted Plate,Wailing Leg Warmers,"If you have no Dodge, gain Dodge 1 after resolving."
shadowFurCrownFittedPlate,Shadow Fur Crown — Fitted Plate,Shadow Fur Crown,"If you already blocked this round, draw 1 then discard 1."
skullCrownFittedPlate,Skull Crown — Fitted Plate,Skull Crown,"If this card deals no HP damage, apply Exposed 1."
spectralHunterCloakFittedPlate,Spectral Hunter Cloak — Fitted Plate,Spectral Hunter Cloak,"If played as your second card this turn, reduce your next card cost by 1."
tabardFittedPlate,Tabard — Fitted Plate,Tabard,"If this is your first card this turn, gain Guarded 1."
paleHunterGlovesFittedPlate,Pale Hunter Gloves — Fitted Plate,Pale Hunter Gloves,"If the quarry is Marked, add +1 damage."
riotMaceOpeningStrike,Riot Mace — Opening Strike,Riot Mace,"If this is your first card this turn, gain Guarded 1."
stitchedHideDrumResonance,Stitched Hide Drum — Resonance,Stitched Hide Drum,"If this is your first card this turn, gain Guarded 1."
scrapHornHuntPhaseHuntCall,Scrap Horn (Hunt Phase) — Hunt Call,Scrap Horn (Hunt Phase),"If the quarry is Marked, add +1 damage."
scrapHornShowdownPhaseWarCall,Scrap Horn (Showdown Phase) — War Call,Scrap Horn (Showdown Phase),"If this is your first card this turn, gain Guarded 1."
bladeAndGuardOpeningCut,Blade & Guard — Opening Cut,Blade & Guard,"If this is your first card this turn, gain Guarded 1."
skullcapHammerTechnique,Skullcap Hammer — Technique,Skullcap Hammer,"If this is your first card this turn, gain Guarded 1."
whistlingMaceTechnique,Whistling Mace — Technique,Whistling Mace,"If the quarry is Marked, add +1 damage."
oxidizedLanternGlaiveOpeningStrike,Oxidized Lantern Glaive — Opening Strike,Oxidized Lantern Glaive,"If this is your first card this turn, gain Guarded 1."
rainbowKatanaOpeningStrike,Rainbow Katana — Opening Strike,Rainbow Katana,"If the quarry is Marked, add +1 damage."
vespertineArrowOpeningStrike,Vespertine Arrow — Opening Strike,Vespertine Arrow,"After resolving, cleanse Panic 1 from yourself."
nuclearFluteShowdownPhaseWarCall,Nuclear Flute (Showdown Phase) — War Call,Nuclear Flute (Showdown Phase),"If this is your first card this turn, gain Guarded 1."
wailingHornsResonance,Wailing Horns — Resonance,Wailing Horns,"If the quarry is Marked, add +1 damage."
hideArmorSetBrace,Hide Armor Set — Brace,Hide Armor Set,"If this is your first card this turn, gain Guarded 1."
hunterBeastKatarTechnique,Hunter Beast Katar — Technique,Hunter Beast Katar,"If this is your first card this turn, gain Guarded 1."
oxidizedBeastKatarTechnique,Oxidized Beast Katar — Technique,Oxidized Beast Katar,"If the quarry is Marked, add +1 damage."
juggernautKnifeTechnique,Juggernaut Knife — Technique,Juggernaut Knife,"If this is your first card this turn, gain Guarded 1."
scrapBladeOpeningCut,Scrap Blade — Opening Cut,Scrap Blade,"If this is your first card this turn, gain Guarded 1."
oxidizedRingWhipTechnique,Oxidized Ring Whip — Technique,Oxidized Ring Whip,"If this is your first card this turn, gain Guarded 1."
stoneNosesUse,Stone Noses — Use,Stone Noses,"If this is your first card this turn, gain Guarded 1."
scoopyClubOpeningStrike,Scoopy Club — Opening Strike,Scoopy Club,"If this is your first card this turn, gain Guarded 1."
spearOfFearOpeningStrike,Spear of Fear — Opening Strike,Spear of Fear,"If this is your first card this turn, gain Guarded 1."
spearOfFearTechnique,Spear of Fear — Technique,Spear of Fear,"If this is your first card this turn, gain Guarded 1."
silverHarpOpeningStrike,Silver Harp — Opening Strike,Silver Harp,"If this is your first card this turn, gain Guarded 1."
vagabondArmorSetBrace,Vagabond Armor Set — Brace,Vagabond Armor Set,"If this is your first card this turn, gain Guarded 1."
paleHunterCrownBrace,Pale Hunter Crown — Brace,Pale Hunter Crown,"If the quarry is Marked, add +1 damage."
rainbowKatanaBrokenOpeningStrike,Rainbow Katana (Broken) — Opening Strike,Rainbow Katana (Broken),"If this is your first card this turn, gain Guarded 1."
websilkenArmorSetBrace,Websilken Armor Set — Brace,Websilken Armor Set,"If this is your first card this turn, gain Guarded 1."
phoenixFauldsFittedPlate,Phoenix Faulds — Fitted Plate,Phoenix Faulds,"If this is your first card this turn, gain Guarded 1."
stitchedHideHeadbandFittedPlate,Stitched Hide Headband — Fitted Plate,Stitched Hide Headband,"If the quarry is Marked, add +1 damage."
wailingSkirtFittedPlate,Wailing Skirt — Fitted Plate,Wailing Skirt,"After resolving, cleanse Panic 1 from yourself."
shadowFurGlovesFittedPlate,Shadow Fur Gloves — Fitted Plate,Shadow Fur Gloves,"If you have no Dodge, gain Dodge 1 after resolving."
paleHunterCoatFittedPlate,Pale Hunter Coat — Fitted Plate,Pale Hunter Coat,"If you already blocked this round, draw 1 then discard 1."
oxidizedLanternGlaiveTechnique,Oxidized Lantern Glaive — Technique,Oxidized Lantern Glaive,"If this is your first card this turn, gain Guarded 1."
skullCrownBrace,Skull Crown — Brace,Skull Crown,"If this is your first card this turn, gain Guarded 1."
paleHunterTreadsBrace,Pale Hunter Treads — Brace,Pale Hunter Treads,"If the quarry is Marked, add +1 damage."
websilkTurbanBrace,Websilk Turban — Brace,Websilk Turban,"If this is your first card this turn, gain Guarded 1."
oxidizedBeastKatarOpeningCut,Oxidized Beast Katar — Opening Cut,Oxidized Beast Katar,"If this is your first card this turn, gain Guarded 1."
zanbatoTechnique,Zanbato — Technique,Zanbato,"If this is your first card this turn, gain Guarded 1."
quiverAndNoonStringGlimmer,Quiver & Noon String — Glimmer,Quiver & Noon String,"If this is your first card this turn, gain Guarded 1."
whistlingMaceOpeningStrike,Whistling Mace — Opening Strike,Whistling Mace,"If this is your first card this turn, gain Guarded 1."
sanguineCelloResonance,Sanguine Cello — Resonance,Sanguine Cello,"If this is your first card this turn, gain Guarded 1."
scavengerKitEcho,Scavenger Kit — Echo,Scavenger Kit,"If this is your first card this turn, gain Guarded 1."
talonKnifeOpeningCut,Talon Knife — Opening Cut,Talon Knife,"If this is your first card this turn, gain Guarded 1."
roundHideGuardAnsweringBash,Round Hide Guard — Answering Bash,Round Hide Guard,"If this is your first card this turn, gain Guarded 1."
shaxeOpeningStrike,Shaxe — Opening Strike,Shaxe,"If this is your first card this turn, gain Guarded 1."
scrapKnifeOpeningCut,Scrap Knife — Opening Cut,Scrap Knife,"If this is your first card this turn, gain Guarded 1."
ringWhipTechnique,Ring Whip — Technique,Ring Whip,"If this is your first card this turn, gain Guarded 1."
spiderVisageOmen,Spider Visage — Omen,Spider Visage,"If this is your first card this turn, gain Guarded 1."
switchPoleaxeTechnique,Switch Poleaxe — Technique,Switch Poleaxe,"If this is your first card this turn, gain Guarded 1."
xmaxeTechnique,Xmaxe — Technique,Xmaxe,"If the quarry is Marked, add +1 damage."
spectralHunterCloakBrace,Spectral Hunter Cloak — Brace,Spectral Hunter Cloak,"If this is your first card this turn, gain Guarded 1."
throwingKnifeTechnique,Throwing Knife — Technique,Throwing Knife,"If this is your first card this turn, gain Guarded 1."
tromBoneHuntPhaseContingency,Trom Bone (Hunt Phase) — Contingency,Trom Bone (Hunt Phase),"If this is your first card this turn, gain Guarded 1."
paleHunterVisageOmen,Pale Hunter Visage — Omen,Pale Hunter Visage,"If this is your first card this turn, gain Guarded 1."
wingedHarpShowdownPhaseWarCall,Winged Harp (Showdown Phase) — War Call,Winged Harp (Showdown Phase),"If this is your first card this turn, gain Guarded 1."
paleHunterSkirtBrace,Pale Hunter Skirt — Brace,Pale Hunter Skirt,"If this is your first card this turn, gain Guarded 1."
silverHarpTechnique,Silver Harp — Technique,Silver Harp,"If the quarry is Marked, add +1 damage."
greenRingOmen,Green Ring — Omen,Green Ring,"If the quarry is Marked, add +1 damage."
scarabCircletOmen,Scarab Circlet — Omen,Scarab Circlet,"After resolving, cleanse Panic 1 from yourself."
monsterGreaseContingency,Monster Grease — Contingency,Monster Grease,"If the quarry is Marked, add +1 damage."
hideVisageOmen,Hide Visage — Omen,Hide Visage,"If the quarry is Marked, add +1 damage."
luckyCharmOmen,Lucky Charm — Omen,Lucky Charm,"If the quarry is Marked, add +1 damage."
websilkTreadsFittedPlate,Websilk Treads — Fitted Plate,Websilk Treads,"If the quarry is Marked, add +1 damage."
shadowFurTreadsFittedPlate,Shadow Fur Treads — Fitted Plate,Shadow Fur Treads,"If the quarry is Marked, add +1 damage."
manVisageOmen,Man Visage — Omen,Man Visage,"If the quarry is Marked, add +1 damage."
websilkSashFittedPlate,Websilk Sash — Fitted Plate,Websilk Sash,"If the quarry is Marked, add +1 damage."
phoenixVisageOmen,Phoenix Visage — Omen,Phoenix Visage,"If the quarry is Marked, add +1 damage."
paleHunterArmorSetSetline,Pale Hunter Armor Set — Setline,Pale Hunter Armor Set,"If the quarry is Marked, add +1 damage."
redCharmOmen,Red Charm — Omen,Red Charm,"If the quarry is Marked, add +1 damage."
redRingOmen,Red Ring — Omen,Red Ring,"If the quarry is Marked, add +1 damage."
phoenixPlackartFittedPlate,Phoenix Plackart — Fitted Plate,Phoenix Plackart,"If the quarry is Marked, add +1 damage."
tabardFittedPlate,Tabard — Fitted Plate,Tabard,"After resolving, cleanse Panic 1 from yourself."
stitchedHideTreadsFittedPlate,Stitched Hide Treads — Fitted Plate,Stitched Hide Treads,"If the quarry is Marked, add +1 damage."
paleHunterTreadsFittedPlate,Pale Hunter Treads — Fitted Plate,Pale Hunter Treads,"If the quarry is Marked, add +1 damage."
stitchedHideArmorSetSetline,Stitched Hide Armor Set — Setline,Stitched Hide Armor Set,"If the quarry is Marked, add +1 damage."
paleHunterGlovesFittedPlate,Pale Hunter Gloves — Fitted Plate,Pale Hunter Gloves,"After resolving, cleanse Panic 1 from yourself."
stitchedHidePantsFittedPlate,Stitched Hide Pants — Fitted Plate,Stitched Hide Pants,"If the quarry is Marked, add +1 damage."
wailingLegWarmersFittedPlate,Wailing Leg Warmers — Fitted Plate,Wailing Leg Warmers,"If the quarry is Marked, add +1 damage."
stitchedHideGlovesFittedPlate,Stitched Hide Gloves — Fitted Plate,Stitched Hide Gloves,"If the quarry is Marked, add +1 damage."
wailingCoatFittedPlate,Wailing Coat — Fitted Plate,Wailing Coat,"If the quarry is Marked, add +1 damage."
shadowFurCrownFittedPlate,Shadow Fur Crown — Fitted Plate,Shadow Fur Crown,"If the quarry is Marked, add +1 damage."
shadowFurCoatFittedPlate,Shadow Fur Coat — Fitted Plate,Shadow Fur Coat,"If the quarry is Marked, add +1 damage."
vagabondArmorSetSetline,Vagabond Armor Set — Setline,Vagabond Armor Set,"If the quarry is Marked, add +1 damage."
skullCrownFittedPlate,Skull Crown — Fitted Plate,Skull Crown,"If the quarry is Marked, add +1 damage."
spectralHunterCloakFittedPlate,Spectral Hunter Cloak — Fitted Plate,Spectral Hunter Cloak,"If the quarry is Marked, add +1 damage."
paleHunterCrownFittedPlate,Pale Hunter Crown — Fitted Plate,Pale Hunter Crown,"If the quarry is Marked, add +1 damage."
paleHunterSkirtFittedPlate,Pale Hunter Skirt — Fitted Plate,Pale Hunter Skirt,"If the quarry is Marked, add +1 damage."
